#NAME?,"Sorry, the query is too large to fit into the Excel cell. You will not be able to update your table with the .Stat Populator.",,,,,,,,,,,,,,,,,,,,,,
Metropolitan areas,,,,,,,,,,,,,,,,,,,,,,,
AUS: Australia,,,,,,,,,,,,,,,,,,,,,,,
  AUS01: Greater Sydney,,,,,,,,,,,,,,,,,,,,,,,
  AUS02: Greater Melbourne,,,,,,,,,,,,,,,,,,,,,,,
  AUS03: Greater Brisbane,,,,,,,,,,,,,,,,,,,,,,,
  AUS04: Greater Perth,,,,,,,,,,,,,,,,,,,,,,,
  AUS05: Greater Adelaide,,,,,,,,,,,,,,,,,,,,,,,
  AUS06: Gold Coast,,,,,,,,,,,,,,,,,,,,,,,
  AUS07: Canberra,,,,,,,,,,,,,,,,,,,,,,,
  AUS08: Newcastle,,,,,,,,,,,,,,,,,,,,,,,
  AUS10: Wollongong,,,,,,,,,,,,,,,,,,,,,,,
  AUS11: Sunshine Coast,,,,,,,,,,,,,,,,,,,,,,,
  AUS12: Greater Hobart,,,,,,,,,,,,,,,,,,,,,,,
  AUS13: Townsville,,,,,,,,,,,,,,,,,,,,,,,
  AUS14: Geelong,,,,,,,,,,,,,,,,,,,,,,,
  AUS15: Cairns,,,,,,,,,,,,,,,,,,,,,,,
  AUS16: Greater Darwin,,,,,,,,,,,,,,,,,,,,,,,
  AUS17: Toowoomba,,,,,,,,,,,,,,,,,,,,,,,
  AUS18: Ballarat,,,,,,,,,,,,,,,,,,,,,,,
  AUS19: Bendigo,,,,,,,,,,,,,,,,,,,,,,,
AUT: Austria,,,,,,,,,,,,,,,,,,,,,,,
  AT001: Vienna,,,,,,,,,,,,,,,,,,,,,,,
  AT002: Graz,,,,,,,,,,,,,,,,,,,,,,,
  AT003: Linz,,,,,,,,,,,,,,,,,,,,,,,
  AT004: Salzburg,,,,,,,,,,,,,,,,,,,,,,,
  AT005: Innsbruck,,,,,,,,,,,,,,,,,,,,,,,
  AT006: Klagenfurt,,,,,,,,,,,,,,,,,,,,,,,
BEL: Belgium,,,,,,,,,,,,,,,,,,,,,,,
  BE001: Brussels,,,,,,,,,,,,,,,,,,,,,,,
  BE002: Antwerp,,,,,,,,,,,,,,,,,,,,,,,
  BE003: Gent,,,,,,,,,,,,,,,,,,,,,,,
  BE004: Charleroi,,,,,,,,,,,,,,,,,,,,,,,
  BE005: Liege,,,,,,,,,,,,,,,,,,,,,,,
  BE006: Bruges,,,,,,,,,,,,,,,,,,,,,,,
  BE007: Namur,,,,,,,,,,,,,,,,,,,,,,,
  BE009: Mons,,,,,,,,,,,,,,,,,,,,,,,
  BE010: Kortrijk,,,,,,,,,,,,,,,,,,,,,,,
  BE011: Ostend,,,,,,,,,,,,,,,,,,,,,,,
  BE012: Mechelen,,,,,,,,,,,,,,,,,,,,,,,
  BE013: Mouscron,,,,,,,,,,,,,,,,,,,,,,,
  BE015: Verviers (greater city),,,,,,,,,,,,,,,,,,,,,,,
BGR: Bulgaria,,,,,,,,,,,,,,,,,,,,,,,
  BG001: Sofia,,,,,,,,,,,,,,,,,,,,,,,
  BG002: Plovdiv,,,,,,,,,,,,,,,,,,,,,,,
  BG003: Varna,,,,,,,,,,,,,,,,,,,,,,,
  BG004: Burgas,,,,,,,,,,,,,,,,,,,,,,,
  BG005: Pleven,,,,,,,,,,,,,,,,,,,,,,,
  BG006: Ruse,,,,,,,,,,,,,,,,,,,,,,,
  BG007: Vidin,,,,,,,,,,,,,,,,,,,,,,,
  BG008: Stara Zagora,,,,,,,,,,,,,,,,,,,,,,,
  BG009: Sliven,,,,,,,,,,,,,,,,,,,,,,,
  BG010: Dobrich,,,,,,,,,,,,,,,,,,,,,,,
  BG011: Shumen,,,,,,,,,,,,,,,,,,,,,,,
  BG013: Yambol,,,,,,,,,,,,,,,,,,,,,,,
  BG014: Haskovo,,,,,,,,,,,,,,,,,,,,,,,
  BG015: Pazardzhik,,,,,,,,,,,,,,,,,,,,,,,
  BG016: Blagoevgrad,,,,,,,,,,,,,,,,,,,,,,,
  BG017: Veliko Tarnovo,,,,,,,,,,,,,,,,,,,,,,,
  BG018: Vratsa,,,,,,,,,,,,,,,,,,,,,,,
CAN: Canada,,,,,,,,,,,,,,,,,,,,,,,
  CAN01: Toronto,,,,,,,,,,,,,,,,,,,,,,,
  CAN02: Montreal,,,,,,,,,,,,,,,,,,,,,,,
  CAN03: Vancouver,,,,,,,,,,,,,,,,,,,,,,,
  CAN04: Ottawa,,,,,,,,,,,,,,,,,,,,,,,
  CAN05: Calgary,,,,,,,,,,,,,,,,,,,,,,,
  CAN06: Edmonton,,,,,,,,,,,,,,,,,,,,,,,
  CAN07: Quebec,,,,,,,,,,,,,,,,,,,,,,,
  CAN08: Winnipeg,,,,,,,,,,,,,,,,,,,,,,,
  CAN09: Hamilton,,,,,,,,,,,,,,,,,,,,,,,
  CAN10: London,,,,,,,,,,,,,,,,,,,,,,,
  CAN11: Kitchener,,,,,,,,,,,,,,,,,,,,,,,
  CAN12: Halifax,,,,,,,,,,,,,,,,,,,,,,,
  CAN13: Victoria,,,,,,,,,,,,,,,,,,,,,,,
  CAN14: Windsor,,,,,,,,,,,,,,,,,,,,,,,
  CAN15: Saskatoon,,,,,,,,,,,,,,,,,,,,,,,
  CAN16: Sherbrooke,,,,,,,,,,,,,,,,,,,,,,,
  CAN17: St Catharines,,,,,,,,,,,,,,,,,,,,,,,
  CAN18: Trois Rivieres,,,,,,,,,,,,,,,,,,,,,,,
  CAN19: St Johns,,,,,,,,,,,,,,,,,,,,,,,
  CAN20: Regina,,,,,,,,,,,,,,,,,,,,,,,
  CAN21: Abbotsford,,,,,,,,,,,,,,,,,,,,,,,
  CAN22: Guelph,,,,,,,,,,,,,,,,,,,,,,,
  CAN23: Red Deer,,,,,,,,,,,,,,,,,,,,,,,
  CAN24: Brantford,,,,,,,,,,,,,,,,,,,,,,,
  CAN25: Peterborough,,,,,,,,,,,,,,,,,,,,,,,
  CAN26: Niagara Falls,,,,,,,,,,,,,,,,,,,,,,,
CHE: Switzerland,,,,,,,,,,,,,,,,,,,,,,,
  CH001: Zurich,,,,,,,,,,,,,,,,,,,,,,,
  CH002: Geneva,,,,,,,,,,,,,,,,,,,,,,,
  CH003: Basel,,,,,,,,,,,,,,,,,,,,,,,
  CH004: Bern,,,,,,,,,,,,,,,,,,,,,,,
  CH005: Lausanne,,,,,,,,,,,,,,,,,,,,,,,
  CH006: Winterthur,,,,,,,,,,,,,,,,,,,,,,,
  CH007: St. Gallen,,,,,,,,,,,,,,,,,,,,,,,
  CH008: Lucerne,,,,,,,,,,,,,,,,,,,,,,,
  CH009: Lugano,,,,,,,,,,,,,,,,,,,,,,,
  CH010: Biel/Bienne,,,,,,,,,,,,,,,,,,,,,,,
CHL: Chile,,,,,,,,,,,,,,,,,,,,,,,
  CL001: Arica,,,,,,,,,,,,,,,,,,,,,,,
  CL002: Iquique,,,,,,,,,,,,,,,,,,,,,,,
  CL003: Calama,,,,,,,,,,,,,,,,,,,,,,,
  CL004: Antofagasta,,,,,,,,,,,,,,,,,,,,,,,
  CL005: Copiapo,,,,,,,,,,,,,,,,,,,,,,,
  CL006: Coquimbo-La Serena,,,,,,,,,,,,,,,,,,,,,,,
  CL007: Ovalle,,,,,,,,,,,,,,,,,,,,,,,
  CL008: Calera,,,,,,,,,,,,,,,,,,,,,,,
  CL009: Quillota,,,,,,,,,,,,,,,,,,,,,,,
  CL010: Valparaiso,,,,,,,,,,,,,,,,,,,,,,,
  CL011: Santiago,,,,,,,,,,,,,,,,,,,,,,,
  CL012: San Antonio,,,,,,,,,,,,,,,,,,,,,,,
  CL013: Melipilla,,,,,,,,,,,,,,,,,,,,,,,
  CL014: Rancagua,,,,,,,,,,,,,,,,,,,,,,,
  CL015: San Fernando,,,,,,,,,,,,,,,,,,,,,,,
  CL016: Curico,,,,,,,,,,,,,,,,,,,,,,,
  CL017: Talca,,,,,,,,,,,,,,,,,,,,,,,
  CL018: Linares,,,,,,,,,,,,,,,,,,,,,,,
  CL019: Chillan,,,,,,,,,,,,,,,,,,,,,,,
  CL020: Concepcion,,,,,,,,,,,,,,,,,,,,,,,
  CL021: Los Angeles,,,,,,,,,,,,,,,,,,,,,,,
  CL022: Temuco,,,,,,,,,,,,,,,,,,,,,,,
  CL023: Valdivia,,,,,,,,,,,,,,,,,,,,,,,
  CL024: Osorno,,,,,,,,,,,,,,,,,,,,,,,
  CL025: Puerto Montt,,,,,,,,,,,,,,,,,,,,,,,
  CL026: Punta Arenas,,,,,,,,,,,,,,,,,,,,,,,
COL: Colombia,,,,,,,,,,,,,,,,,,,,,,,
  COL01: Bogota D.C.,,,,,,,,,,,,,,,,,,,,,,,
  COL02: Medellin,,,,,,,,,,,,,,,,,,,,,,,
  COL03: Cali,,,,,,,,,,,,,,,,,,,,,,,
  COL04: Barranquilla,,,,,,,,,,,,,,,,,,,,,,,
  COL05: Cartagena,,,,,,,,,,,,,,,,,,,,,,,
  COL06: Bucaramanga,,,,,,,,,,,,,,,,,,,,,,,
  COL07: Cucuta,,,,,,,,,,,,,,,,,,,,,,,
  COL08: Pereira,,,,,,,,,,,,,,,,,,,,,,,
  COL09: Ibague,,,,,,,,,,,,,,,,,,,,,,,
  COL10: Manizales,,,,,,,,,,,,,,,,,,,,,,,
  COL11: Santa Marta,,,,,,,,,,,,,,,,,,,,,,,
  COL12: Pasto,,,,,,,,,,,,,,,,,,,,,,,
  COL13: Armenia,,,,,,,,,,,,,,,,,,,,,,,
  COL14: Villavicencio,,,,,,,,,,,,,,,,,,,,,,,
  COL15: Monteria,,,,,,,,,,,,,,,,,,,,,,,
  COL16: Valledupar,,,,,,,,,,,,,,,,,,,,,,,
  COL17: Buenaventura,,,,,,,,,,,,,,,,,,,,,,,
  COL18: Neiva,,,,,,,,,,,,,,,,,,,,,,,
  COL19: Palmira,,,,,,,,,,,,,,,,,,,,,,,
  COL20: Popayan,,,,,,,,,,,,,,,,,,,,,,,
  COL21: Sincelejo,,,,,,,,,,,,,,,,,,,,,,,
  COL22: Barrancabermeja,,,,,,,,,,,,,,,,,,,,,,,
  COL23: Tulua,,,,,,,,,,,,,,,,,,,,,,,
  COL24: Tunja,,,,,,,,,,,,,,,,,,,,,,,
  COL25: Riohacha,,,,,,,,,,,,,,,,,,,,,,,
  COL26: San Andres de Tumaco,,,,,,,,,,,,,,,,,,,,,,,
  COL27: Florence,,,,,,,,,,,,,,,,,,,,,,,
  COL28: Apartado,,,,,,,,,,,,,,,,,,,,,,,
  COL29: Girardot,,,,,,,,,,,,,,,,,,,,,,,
  COL30: Cartago,,,,,,,,,,,,,,,,,,,,,,,
  COL31: Maicao,,,,,,,,,,,,,,,,,,,,,,,
  COL32: Magangue,,,,,,,,,,,,,,,,,,,,,,,
  COL33: Sogamoso,,,,,,,,,,,,,,,,,,,,,,,
  COL34: Guadalajara de Buga,,,,,,,,,,,,,,,,,,,,,,,
  COL35: Ipiales,,,,,,,,,,,,,,,,,,,,,,,
  COL36: Quibdo,,,,,,,,,,,,,,,,,,,,,,,
  COL37: Fusagasuga,,,,,,,,,,,,,,,,,,,,,,,
  COL38: Facatativa,,,,,,,,,,,,,,,,,,,,,,,
  COL39: Duitama,,,,,,,,,,,,,,,,,,,,,,,
  COL40: Yopal,,,,,,,,,,,,,,,,,,,,,,,
  COL41: Cienaga,,,,,,,,,,,,,,,,,,,,,,,
  COL42: Zipaquira,,,,,,,,,,,,,,,,,,,,,,,
  COL43: Rionegro,,,,,,,,,,,,,,,,,,,,,,,
  COL44: Ocana,,,,,,,,,,,,,,,,,,,,,,,
  COL45: La Dorada,,,,,,,,,,,,,,,,,,,,,,,
  COL46: Caucasia,,,,,,,,,,,,,,,,,,,,,,,
  COL47: Sabanalarga,,,,,,,,,,,,,,,,,,,,,,,
  COL48: Aguachica,,,,,,,,,,,,,,,,,,,,,,,
  COL49: Espinal,,,,,,,,,,,,,,,,,,,,,,,
  COL50: Arauca,,,,,,,,,,,,,,,,,,,,,,,
  COL51: Santa Rosa de Cabal,,,,,,,,,,,,,,,,,,,,,,,
  COL52: El Carmen de Bolivar,,,,,,,,,,,,,,,,,,,,,,,
  COL53: Fundacion,,,,,,,,,,,,,,,,,,,,,,,
CYP: Cyprus,,,,,,,,,,,,,,,,,,,,,,,
  CY001: Lefkosia,,,,,,,,,,,,,,,,,,,,,,,
  CY501: Lemesos,,,,,,,,,,,,,,,,,,,,,,,
CZE: Czechia,,,,,,,,,,,,,,,,,,,,,,,
  CZ001: Prague,,,,,,,,,,,,,,,,,,,,,,,
  CZ002: Brno,,,,,,,,,,,,,,,,,,,,,,,
  CZ003: Ostrava,,,,,,,,,,,,,,,,,,,,,,,
  CZ004: Plzen,,,,,,,,,,,,,,,,,,,,,,,
  CZ005: Usti nad Labem,,,,,,,,,,,,,,,,,,,,,,,
  CZ006: Olomouc,,,,,,,,,,,,,,,,,,,,,,,
  CZ007: Liberec,,,,,,,,,,,,,,,,,,,,,,,
  CZ008: Ceske Budejovice,,,,,,,,,,,,,,,,,,,,,,,
  CZ009: Hradec Kralove,,,,,,,,,,,,,,,,,,,,,,,
  CZ010: Pardubice,,,,,,,,,,,,,,,,,,,,,,,
  CZ011: Zlin,,,,,,,,,,,,,,,,,,,,,,,
  CZ013: Carlsbad,,,,,,,,,,,,,,,,,,,,,,,
  CZ014: Jihlava,,,,,,,,,,,,,,,,,,,,,,,
  CZ016: Most,,,,,,,,,,,,,,,,,,,,,,,
  CZ018: Chomutov,,,,,,,,,,,,,,,,,,,,,,,
DEU: Germany,,,,,,,,,,,,,,,,,,,,,,,
  DE001: Berlin,,,,,,,,,,,,,,,,,,,,,,,
  DE002: Hamburg,,,,,,,,,,,,,,,,,,,,,,,
  DE003: Munich,,,,,,,,,,,,,,,,,,,,,,,
  DE004: Cologne,,,,,,,,,,,,,,,,,,,,,,,
  DE005: Frankfurt am Main,,,,,,,,,,,,,,,,,,,,,,,
  DE007: Stuttgart,,,,,,,,,,,,,,,,,,,,,,,
  DE008: Leipzig,,,,,,,,,,,,,,,,,,,,,,,
  DE009: Dresden,,,,,,,,,,,,,,,,,,,,,,,
  DE011: Dusseldorf,,,,,,,,,,,,,,,,,,,,,,,
  DE012: Bremen,,,,,,,,,,,,,,,,,,,,,,,
  DE013: Hanover,,,,,,,,,,,,,,,,,,,,,,,
  DE014: Nuremberg,,,,,,,,,,,,,,,,,,,,,,,
  DE017: Bielefeld,,,,,,,,,,,,,,,,,,,,,,,
  DE018: Halle an der Saale,,,,,,,,,,,,,,,,,,,,,,,
  DE019: Magdeburg,,,,,,,,,,,,,,,,,,,,,,,
  DE020: Wiesbaden,,,,,,,,,,,,,,,,,,,,,,,
  DE021: Gottingen,,,,,,,,,,,,,,,,,,,,,,,
  DE025: Darmstadt,,,,,,,,,,,,,,,,,,,,,,,
  DE026: Trier,,,,,,,,,,,,,,,,,,,,,,,
  DE027: Freiburg im Breisgau,,,,,,,,,,,,,,,,,,,,,,,
  DE028: Regensburg,,,,,,,,,,,,,,,,,,,,,,,
  DE029: Frankfurt,,,,,,,,,,,,,,,,,,,,,,,
  DE030: Weimar,,,,,,,,,,,,,,,,,,,,,,,
  DE031: Schwerin,,,,,,,,,,,,,,,,,,,,,,,
  DE032: Erfurt,,,,,,,,,,,,,,,,,,,,,,,
  DE033: Augsburg,,,,,,,,,,,,,,,,,,,,,,,
  DE034: Bonn,,,,,,,,,,,,,,,,,,,,,,,
  DE035: Karlsruhe,,,,,,,,,,,,,,,,,,,,,,,
  DE036: Monchengladbach,,,,,,,,,,,,,,,,,,,,,,,
  DE037: Mainz,,,,,,,,,,,,,,,,,,,,,,,
  DE038: Ruhr,,,,,,,,,,,,,,,,,,,,,,,
  DE039: Kiel,,,,,,,,,,,,,,,,,,,,,,,
  DE040: Saarbrucken,,,,,,,,,,,,,,,,,,,,,,,
  DE042: Koblenz,,,,,,,,,,,,,,,,,,,,,,,
  DE043: Rostock,,,,,,,,,,,,,,,,,,,,,,,
  DE044: Kaiserslautern,,,,,,,,,,,,,,,,,,,,,,,
  DE045: Iserlohn,,,,,,,,,,,,,,,,,,,,,,,
  DE048: Wilhelmshaven,,,,,,,,,,,,,,,,,,,,,,,
  DE050: Tubingen,,,,,,,,,,,,,,,,,,,,,,,
  DE051: Villingen-Schwenningen,,,,,,,,,,,,,,,,,,,,,,,
  DE052: Flensburg,,,,,,,,,,,,,,,,,,,,,,,
  DE053: Marburg,,,,,,,,,,,,,,,,,,,,,,,
  DE054: Constance,,,,,,,,,,,,,,,,,,,,,,,
  DE055: Neumunster,,,,,,,,,,,,,,,,,,,,,,,
  DE056: Brandenburg an der Havel,,,,,,,,,,,,,,,,,,,,,,,
  DE057: Giessen,,,,,,,,,,,,,,,,,,,,,,,
  DE058: Luneburg,,,,,,,,,,,,,,,,,,,,,,,
  DE059: Bayreuth,,,,,,,,,,,,,,,,,,,,,,,
  DE060: Celle,,,,,,,,,,,,,,,,,,,,,,,
  DE061: Aschaffenburg,,,,,,,,,,,,,,,,,,,,,,,
  DE062: Bamberg,,,,,,,,,,,,,,,,,,,,,,,
  DE063: Plauen,,,,,,,,,,,,,,,,,,,,,,,
  DE064: Neubrandenburg,,,,,,,,,,,,,,,,,,,,,,,
  DE065: Fulda,,,,,,,,,,,,,,,,,,,,,,,
  DE066: Kempten (Allgau),,,,,,,,,,,,,,,,,,,,,,,
  DE067: Landshut,,,,,,,,,,,,,,,,,,,,,,,
  DE069: Rosenheim,,,,,,,,,,,,,,,,,,,,,,,
  DE071: Stralsund,,,,,,,,,,,,,,,,,,,,,,,
  DE072: Friedrichshafen,,,,,,,,,,,,,,,,,,,,,,,
  DE073: Offenburg,,,,,,,,,,,,,,,,,,,,,,,
  DE074: Gorlitz,,,,,,,,,,,,,,,,,,,,,,,
  DE077: Schweinfurt,,,,,,,,,,,,,,,,,,,,,,,
  DE078: Greifswald,,,,,,,,,,,,,,,,,,,,,,,
  DE079: Wetzlar,,,,,,,,,,,,,,,,,,,,,,,
  DE081: Passau,,,,,,,,,,,,,,,,,,,,,,,
  DE082: Dessau,,,,,,,,,,,,,,,,,,,,,,,
  DE083: Braunschweig-Salzgitter Wolfsburg,,,,,,,,,,,,,,,,,,,,,,,
  DE084: Mannheim-Ludwigshafen,,,,,,,,,,,,,,,,,,,,,,,
  DE504: Muenster,,,,,,,,,,,,,,,,,,,,,,,
  DE505: Chemnitz,,,,,,,,,,,,,,,,,,,,,,,
  DE507: Aachen,,,,,,,,,,,,,,,,,,,,,,,
  DE508: Krefeld,,,,,,,,,,,,,,,,,,,,,,,
  DE510: Lubeck,,,,,,,,,,,,,,,,,,,,,,,
  DE513: Kassel,,,,,,,,,,,,,,,,,,,,,,,
  DE516: Solingen,,,,,,,,,,,,,,,,,,,,,,,
  DE517: Osnabruck,,,,,,,,,,,,,,,,,,,,,,,
  DE520: Oldenburg (Oldenburg),,,,,,,,,,,,,,,,,,,,,,,
  DE522: Heidelberg,,,,,,,,,,,,,,,,,,,,,,,
  DE523: Paderborn,,,,,,,,,,,,,,,,,,,,,,,
  DE524: Wurzburg,,,,,,,,,,,,,,,,,,,,,,,
  DE527: Bremerhaven,,,,,,,,,,,,,,,,,,,,,,,
  DE529: Heilbronn,,,,,,,,,,,,,,,,,,,,,,,
  DE530: Remscheid,,,,,,,,,,,,,,,,,,,,,,,
  DE532: Ulm,,,,,,,,,,,,,,,,,,,,,,,
  DE533: Pforzheim,,,,,,,,,,,,,,,,,,,,,,,
  DE534: Ingolstadt,,,,,,,,,,,,,,,,,,,,,,,
  DE535: Gera,,,,,,,,,,,,,,,,,,,,,,,
  DE537: Reutlingen,,,,,,,,,,,,,,,,,,,,,,,
  DE539: Cottbus,,,,,,,,,,,,,,,,,,,,,,,
  DE540: Siegen,,,,,,,,,,,,,,,,,,,,,,,
  DE542: Hildesheim,,,,,,,,,,,,,,,,,,,,,,,
  DE544: Zwickau,,,,,,,,,,,,,,,,,,,,,,,
  DE546: Wuppertal,,,,,,,,,,,,,,,,,,,,,,,
  DE547: Jena,,,,,,,,,,,,,,,,,,,,,,,
"  DE548: Duren, Stadt",,,,,,,,,,,,,,,,,,,,,,,
"  DE549: Bocholt, Stadt",,,,,,,,,,,,,,,,,,,,,,,
DNK: Denmark,,,,,,,,,,,,,,,,,,,,,,,
  DK001: Copenhagen,,,,,,,,,,,,,,,,,,,,,,,
  DK002: Aarhus,,,,,,,,,,,,,,,,,,,,,,,
  DK003: Odense,,,,,,,,,,,,,,,,,,,,,,,
  DK004: Aalborg,,,,,,,,,,,,,,,,,,,,,,,
ESP: Spain,,,,,,,,,,,,,,,,,,,,,,,
  ES001: Madrid,,,,,,,,,,,,,,,,,,,,,,,
  ES002: Barcelona,,,,,,,,,,,,,,,,,,,,,,,
  ES003: Valencia,,,,,,,,,,,,,,,,,,,,,,,
  ES004: Seville,,,,,,,,,,,,,,,,,,,,,,,
  ES005: Saragossa,,,,,,,,,,,,,,,,,,,,,,,
  ES006: Malaga,,,,,,,,,,,,,,,,,,,,,,,
  ES007: Murcia,,,,,,,,,,,,,,,,,,,,,,,
  ES008: Las Palmas,,,,,,,,,,,,,,,,,,,,,,,
  ES009: Valladolid,,,,,,,,,,,,,,,,,,,,,,,
  ES010: Palma de Mallorca,,,,,,,,,,,,,,,,,,,,,,,
  ES011: Santiago de Compostela,,,,,,,,,,,,,,,,,,,,,,,
  ES012: Vitoria,,,,,,,,,,,,,,,,,,,,,,,
  ES013: Oviedo,,,,,,,,,,,,,,,,,,,,,,,
  ES014: Pamplona,,,,,,,,,,,,,,,,,,,,,,,
  ES015: Santander,,,,,,,,,,,,,,,,,,,,,,,
  ES016: Toledo,,,,,,,,,,,,,,,,,,,,,,,
  ES017: Badajoz,,,,,,,,,,,,,,,,,,,,,,,
  ES018: Logrono,,,,,,,,,,,,,,,,,,,,,,,
  ES019: Bilbao,,,,,,,,,,,,,,,,,,,,,,,
  ES020: Cordoba,,,,,,,,,,,,,,,,,,,,,,,
  ES021: Alicante,,,,,,,,,,,,,,,,,,,,,,,
  ES022: Vigo,,,,,,,,,,,,,,,,,,,,,,,
  ES023: Gijon,,,,,,,,,,,,,,,,,,,,,,,
  ES025: Santa Cruz de Tenerife,,,,,,,,,,,,,,,,,,,,,,,
  ES026: Coruna (A),,,,,,,,,,,,,,,,,,,,,,,
  ES028: Reus,,,,,,,,,,,,,,,,,,,,,,,
  ES031: Lugo,,,,,,,,,,,,,,,,,,,,,,,
  ES033: Girona,,,,,,,,,,,,,,,,,,,,,,,
  ES034: Caceres,,,,,,,,,,,,,,,,,,,,,,,
  ES035: Torrevieja,,,,,,,,,,,,,,,,,,,,,,,
"  ES037: Puerto de Santa Maria, El",,,,,,,,,,,,,,,,,,,,,,,
  ES039: Aviles,,,,,,,,,,,,,,,,,,,,,,,
  ES040: Talavera de la Reina,,,,,,,,,,,,,,,,,,,,,,,
  ES041: Palencia,,,,,,,,,,,,,,,,,,,,,,,
  ES043: Ferrol,,,,,,,,,,,,,,,,,,,,,,,
  ES044: Pontevedra,,,,,,,,,,,,,,,,,,,,,,,
  ES045: Ceuta,,,,,,,,,,,,,,,,,,,,,,,
  ES046: Gandia,,,,,,,,,,,,,,,,,,,,,,,
  ES048: Guadalajara,,,,,,,,,,,,,,,,,,,,,,,
  ES050: Manresa,,,,,,,,,,,,,,,,,,,,,,,
  ES053: Ciudad Real,,,,,,,,,,,,,,,,,,,,,,,
  ES054: Benidorm,,,,,,,,,,,,,,,,,,,,,,,
  ES055: Melilla,,,,,,,,,,,,,,,,,,,,,,,
  ES057: Ponferrada,,,,,,,,,,,,,,,,,,,,,,,
  ES059: Zamora,,,,,,,,,,,,,,,,,,,,,,,
  ES062: Sanlucar de Barrameda,,,,,,,,,,,,,,,,,,,,,,,
"  ES065: Linea de la Concepcion, La",,,,,,,,,,,,,,,,,,,,,,,
  ES070: Irun,,,,,,,,,,,,,,,,,,,,,,,
  ES072: Arrecife,,,,,,,,,,,,,,,,,,,,,,,
  ES073: Elda,,,,,,,,,,,,,,,,,,,,,,,
  ES074: Santa Lucia de Tirajana,,,,,,,,,,,,,,,,,,,,,,,
  ES501: Granada,,,,,,,,,,,,,,,,,,,,,,,
  ES505: Elche/Elx,,,,,,,,,,,,,,,,,,,,,,,
  ES506: Cartagena,,,,,,,,,,,,,,,,,,,,,,,
  ES508: Jerez de la Frontera,,,,,,,,,,,,,,,,,,,,,,,
  ES510: Donostia-San Sebastian,,,,,,,,,,,,,,,,,,,,,,,
  ES514: Almeria,,,,,,,,,,,,,,,,,,,,,,,
  ES515: Burgos,,,,,,,,,,,,,,,,,,,,,,,
  ES516: Salamanca,,,,,,,,,,,,,,,,,,,,,,,
  ES519: Albacete,,,,,,,,,,,,,,,,,,,,,,,
  ES520: Castellon de la Plana/Castello de la Plana,,,,,,,,,,,,,,,,,,,,,,,
  ES521: Huelva,,,,,,,,,,,,,,,,,,,,,,,
  ES522: Cadiz,,,,,,,,,,,,,,,,,,,,,,,
  ES523: Leon,,,,,,,,,,,,,,,,,,,,,,,
  ES525: Tarragona,,,,,,,,,,,,,,,,,,,,,,,
  ES527: Jaen,,,,,,,,,,,,,,,,,,,,,,,
  ES528: Lleida,,,,,,,,,,,,,,,,,,,,,,,
  ES529: Ourense,,,,,,,,,,,,,,,,,,,,,,,
  ES532: Algeciras,,,,,,,,,,,,,,,,,,,,,,,
  ES533: Marbella,,,,,,,,,,,,,,,,,,,,,,,
  ES537: Alcoy,,,,,,,,,,,,,,,,,,,,,,,
  ES538: Avila,,,,,,,,,,,,,,,,,,,,,,,
  ES540: Chiclana de la Frontera,,,,,,,,,,,,,,,,,,,,,,,
  ES542: Basin,,,,,,,,,,,,,,,,,,,,,,,
  ES543: Eivissa,,,,,,,,,,,,,,,,,,,,,,,
  ES544: Linares,,,,,,,,,,,,,,,,,,,,,,,
  ES545: Lorca,,,,,,,,,,,,,,,,,,,,,,,
  ES546: Merida,,,,,,,,,,,,,,,,,,,,,,,
  ES547: Sagunto,,,,,,,,,,,,,,,,,,,,,,,
  ES550: Puerto de la Cruz,,,,,,,,,,,,,,,,,,,,,,,
  ES552: Igualada,,,,,,,,,,,,,,,,,,,,,,,
EST: Estonia,,,,,,,,,,,,,,,,,,,,,,,
  EE001: Tallinn,,,,,,,,,,,,,,,,,,,,,,,
  EE002: Tartu,,,,,,,,,,,,,,,,,,,,,,,
  EE003: Narva,,,,,,,,,,,,,,,,,,,,,,,
FIN: Finland,,,,,,,,,,,,,,,,,,,,,,,
  FI001: Helsinki,,,,,,,,,,,,,,,,,,,,,,,
  FI002: Tampere,,,,,,,,,,,,,,,,,,,,,,,
  FI003: Turku,,,,,,,,,,,,,,,,,,,,,,,
  FI004: Oulu,,,,,,,,,,,,,,,,,,,,,,,
  FI007: Lahti,,,,,,,,,,,,,,,,,,,,,,,
  FI008: Kuopio,,,,,,,,,,,,,,,,,,,,,,,
  FI009: Jyvaskyla,,,,,,,,,,,,,,,,,,,,,,,
FRA: France,,,,,,,,,,,,,,,,,,,,,,,
  FR001: Paris,,,,,,,,,,,,,,,,,,,,,,,
  FR003: Lyon,,,,,,,,,,,,,,,,,,,,,,,
  FR004: Toulouse,,,,,,,,,,,,,,,,,,,,,,,
  FR006: Strasbourg,,,,,,,,,,,,,,,,,,,,,,,
  FR007: Bordeaux,,,,,,,,,,,,,,,,,,,,,,,
  FR008: Nantes,,,,,,,,,,,,,,,,,,,,,,,
  FR009: Lille,,,,,,,,,,,,,,,,,,,,,,,
  FR010: Montpellier,,,,,,,,,,,,,,,,,,,,,,,
  FR011: Saint-Etienne,,,,,,,,,,,,,,,,,,,,,,,
  FR012: Le Havre,,,,,,,,,,,,,,,,,,,,,,,
  FR013: Rennes,,,,,,,,,,,,,,,,,,,,,,,
  FR014: Amiens,,,,,,,,,,,,,,,,,,,,,,,
  FR016: Nancy,,,,,,,,,,,,,,,,,,,,,,,
  FR017: Metz,,,,,,,,,,,,,,,,,,,,,,,
  FR018: Reims,,,,,,,,,,,,,,,,,,,,,,,
  FR019: Orleans,,,,,,,,,,,,,,,,,,,,,,,
  FR020: Dijon,,,,,,,,,,,,,,,,,,,,,,,
  FR021: Poitiers,,,,,,,,,,,,,,,,,,,,,,,
  FR022: Clermont-Ferrand,,,,,,,,,,,,,,,,,,,,,,,
  FR023: Caen,,,,,,,,,,,,,,,,,,,,,,,
  FR024: Limoges,,,,,,,,,,,,,,,,,,,,,,,
  FR025: Besancon,,,,,,,,,,,,,,,,,,,,,,,
  FR026: Grenoble,,,,,,,,,,,,,,,,,,,,,,,
  FR028: Saint Denis,,,,,,,,,,,,,,,,,,,,,,,
  FR030: Fort-de-France,,,,,,,,,,,,,,,,,,,,,,,
  FR032: Toulon,,,,,,,,,,,,,,,,,,,,,,,
  FR034: Valenciennes,,,,,,,,,,,,,,,,,,,,,,,
  FR035: Tours,,,,,,,,,,,,,,,,,,,,,,,
  FR036: Angers,,,,,,,,,,,,,,,,,,,,,,,
  FR037: Brest,,,,,,,,,,,,,,,,,,,,,,,
  FR038: Le Mans,,,,,,,,,,,,,,,,,,,,,,,
  FR039: Avignon,,,,,,,,,,,,,,,,,,,,,,,
  FR040: Mulhouse,,,,,,,,,,,,,,,,,,,,,,,
  FR042: Dunkerque,,,,,,,,,,,,,,,,,,,,,,,
  FR043: Perpignan,,,,,,,,,,,,,,,,,,,,,,,
  FR044: Nimes,,,,,,,,,,,,,,,,,,,,,,,
  FR045: Pau,,,,,,,,,,,,,,,,,,,,,,,
  FR046: Bayonne,,,,,,,,,,,,,,,,,,,,,,,
  FR047: Annemasse,,,,,,,,,,,,,,,,,,,,,,,
  FR048: Annecy,,,,,,,,,,,,,,,,,,,,,,,
  FR049: Lorient,,,,,,,,,,,,,,,,,,,,,,,
  FR051: Troyes,,,,,,,,,,,,,,,,,,,,,,,
  FR052: Saint-Nazaire,,,,,,,,,,,,,,,,,,,,,,,
  FR053: La Rochelle,,,,,,,,,,,,,,,,,,,,,,,
  FR057: Boulogne-sur-Mer,,,,,,,,,,,,,,,,,,,,,,,
  FR058: Chambery,,,,,,,,,,,,,,,,,,,,,,,
  FR060: Chartres,,,,,,,,,,,,,,,,,,,,,,,
  FR062: Calais,,,,,,,,,,,,,,,,,,,,,,,
  FR063: Beziers,,,,,,,,,,,,,,,,,,,,,,,
  FR064: Arras,,,,,,,,,,,,,,,,,,,,,,,
  FR065: Bourges,,,,,,,,,,,,,,,,,,,,,,,
  FR066: Saint-Brieuc,,,,,,,,,,,,,,,,,,,,,,,
  FR069: Cherbourg,,,,,,,,,,,,,,,,,,,,,,,
  FR076: Belfort,,,,,,,,,,,,,,,,,,,,,,,
  FR077: Roanne,,,,,,,,,,,,,,,,,,,,,,,
  FR079: Saint-Quentin,,,,,,,,,,,,,,,,,,,,,,,
  FR099: Frejus,,,,,,,,,,,,,,,,,,,,,,,
  FR202: Aix-en-Provence,,,,,,,,,,,,,,,,,,,,,,,
  FR203: Marseille,,,,,,,,,,,,,,,,,,,,,,,
  FR205: Nice,,,,,,,,,,,,,,,,,,,,,,,
  FR207: Lens - Lievin,,,,,,,,,,,,,,,,,,,,,,,
  FR209: Douai,,,,,,,,,,,,,,,,,,,,,,,
  FR214: Valence,,,,,,,,,,,,,,,,,,,,,,,
  FR215: Rouen,,,,,,,,,,,,,,,,,,,,,,,
  FR324: Martigues,,,,,,,,,,,,,,,,,,,,,,,
  FR506: Colmar,,,,,,,,,,,,,,,,,,,,,,,
  FR520: Les Abymes,,,,,,,,,,,,,,,,,,,,,,,
  FR521: Cayenne,,,,,,,,,,,,,,,,,,,,,,,
  FR522: Mamoudzou,,,,,,,,,,,,,,,,,,,,,,,
GBR: United Kingdom,,,,,,,,,,,,,,,,,,,,,,,
  UK001: London,,,,,,,,,,,,,,,,,,,,,,,
  UK002: West Midlands urban area,,,,,,,,,,,,,,,,,,,,,,,
  UK003: Leeds,,,,,,,,,,,,,,,,,,,,,,,
  UK004: Glasgow,,,,,,,,,,,,,,,,,,,,,,,
  UK006: Liverpool,,,,,,,,,,,,,,,,,,,,,,,
  UK007: Edinburgh,,,,,,,,,,,,,,,,,,,,,,,
  UK008: Manchester,,,,,,,,,,,,,,,,,,,,,,,
  UK009: Cardiff,,,,,,,,,,,,,,,,,,,,,,,
  UK010: Sheffield,,,,,,,,,,,,,,,,,,,,,,,
  UK011: Bristol,,,,,,,,,,,,,,,,,,,,,,,
  UK012: Belfast,,,,,,,,,,,,,,,,,,,,,,,
  UK013: Newcastle upon Tyne,,,,,,,,,,,,,,,,,,,,,,,
  UK014: Leicester,,,,,,,,,,,,,,,,,,,,,,,
  UK016: Aberdeen,,,,,,,,,,,,,,,,,,,,,,,
  UK017: Cambridge,,,,,,,,,,,,,,,,,,,,,,,
  UK018: Exeter,,,,,,,,,,,,,,,,,,,,,,,
  UK019: Lincoln,,,,,,,,,,,,,,,,,,,,,,,
  UK021: Stevenage,,,,,,,,,,,,,,,,,,,,,,,
  UK022: Wrexham,,,,,,,,,,,,,,,,,,,,,,,
  UK023: Portsmouth,,,,,,,,,,,,,,,,,,,,,,,
  UK024: Worcester,,,,,,,,,,,,,,,,,,,,,,,
  UK025: Coventry,,,,,,,,,,,,,,,,,,,,,,,
  UK026: Kingston upon Hull,,,,,,,,,,,,,,,,,,,,,,,
  UK027: Stoke-on-Trent,,,,,,,,,,,,,,,,,,,,,,,
  UK029: Nottingham,,,,,,,,,,,,,,,,,,,,,,,
  UK031: Bath and North East Somerset,,,,,,,,,,,,,,,,,,,,,,,
  UK033: Guildford,,,,,,,,,,,,,,,,,,,,,,,
  UK034: Thanet,,,,,,,,,,,,,,,,,,,,,,,
  UK038: Waveney,,,,,,,,,,,,,,,,,,,,,,,
  UK041: Ashford,,,,,,,,,,,,,,,,,,,,,,,
  UK043: East Staffordshire,,,,,,,,,,,,,,,,,,,,,,,
  UK044: Darlington,,,,,,,,,,,,,,,,,,,,,,,
  UK045: Worthing,,,,,,,,,,,,,,,,,,,,,,,
  UK046: Mansfield,,,,,,,,,,,,,,,,,,,,,,,
  UK047: Chesterfield,,,,,,,,,,,,,,,,,,,,,,,
  UK050: Burnley,,,,,,,,,,,,,,,,,,,,,,,
  UK051: Great Yarmouth,,,,,,,,,,,,,,,,,,,,,,,
  UK055: Eastbourne,,,,,,,,,,,,,,,,,,,,,,,
  UK056: Hastings,,,,,,,,,,,,,,,,,,,,,,,
  UK059: Redditch,,,,,,,,,,,,,,,,,,,,,,,
  UK062: Halton,,,,,,,,,,,,,,,,,,,,,,,
  UK506: Doncaster,,,,,,,,,,,,,,,,,,,,,,,
  UK510: Sunderland,,,,,,,,,,,,,,,,,,,,,,,
  UK513: Medway,,,,,,,,,,,,,,,,,,,,,,,
  UK515: Brighton and Hove,,,,,,,,,,,,,,,,,,,,,,,
  UK516: Plymouth,,,,,,,,,,,,,,,,,,,,,,,
  UK517: Swansea,,,,,,,,,,,,,,,,,,,,,,,
  UK518: Derby,,,,,,,,,,,,,,,,,,,,,,,
  UK520: Southampton,,,,,,,,,,,,,,,,,,,,,,,
  UK525: Milton Keynes,,,,,,,,,,,,,,,,,,,,,,,
  UK528: Northampton,,,,,,,,,,,,,,,,,,,,,,,
  UK531: Warrington,,,,,,,,,,,,,,,,,,,,,,,
  UK532: Luton,,,,,,,,,,,,,,,,,,,,,,,
  UK533: York,,,,,,,,,,,,,,,,,,,,,,,
  UK535: Swindon,,,,,,,,,,,,,,,,,,,,,,,
  UK539: Bournemouth,,,,,,,,,,,,,,,,,,,,,,,
  UK540: Wycombe,,,,,,,,,,,,,,,,,,,,,,,
  UK542: Telford and Wrekin,,,,,,,,,,,,,,,,,,,,,,,
  UK543: North East Lincolnshire,,,,,,,,,,,,,,,,,,,,,,,
  UK545: Peterborough,,,,,,,,,,,,,,,,,,,,,,,
  UK546: Colchester,,,,,,,,,,,,,,,,,,,,,,,
  UK548: Basingstoke and Deane,,,,,,,,,,,,,,,,,,,,,,,
  UK549: Bedford,,,,,,,,,,,,,,,,,,,,,,,
  UK550: Dundee City,,,,,,,,,,,,,,,,,,,,,,,
  UK551: Falkirk,,,,,,,,,,,,,,,,,,,,,,,
  UK552: Reading,,,,,,,,,,,,,,,,,,,,,,,
  UK553: Blackpool,,,,,,,,,,,,,,,,,,,,,,,
  UK554: Maidstone,,,,,,,,,,,,,,,,,,,,,,,
  UK556: Dacorum,,,,,,,,,,,,,,,,,,,,,,,
  UK557: Blackburn with Darwen,,,,,,,,,,,,,,,,,,,,,,,
  UK558: Newport,,,,,,,,,,,,,,,,,,,,,,,
  UK559: Middlesbrough,,,,,,,,,,,,,,,,,,,,,,,
  UK560: Oxford,,,,,,,,,,,,,,,,,,,,,,,
  UK561: Torbay,,,,,,,,,,,,,,,,,,,,,,,
  UK562: Preston,,,,,,,,,,,,,,,,,,,,,,,
  UK566: Norwich,,,,,,,,,,,,,,,,,,,,,,,
  UK567: Slough,,,,,,,,,,,,,,,,,,,,,,,
  UK568: Cheshire West and Chester,,,,,,,,,,,,,,,,,,,,,,,
  UK569: Ipswich,,,,,,,,,,,,,,,,,,,,,,,
  UK571: Cheltenham,,,,,,,,,,,,,,,,,,,,,,,
  UK572: Gloucester,,,,,,,,,,,,,,,,,,,,,,,
  UK573: Bracknell Forest,,,,,,,,,,,,,,,,,,,,,,,
  UK575: Carlisle,,,,,,,,,,,,,,,,,,,,,,,
  UK576: Crawley,,,,,,,,,,,,,,,,,,,,,,,
  UK580: Rushmoor,,,,,,,,,,,,,,,,,,,,,,,
  UK582: Corby,,,,,,,,,,,,,,,,,,,,,,,
  UK583: Kettering,,,,,,,,,,,,,,,,,,,,,,,
  UK586: Derry & Strabane Local Government District,,,,,,,,,,,,,,,,,,,,,,,
GRC: Greece,,,,,,,,,,,,,,,,,,,,,,,
  EL001: Athens,,,,,,,,,,,,,,,,,,,,,,,
  EL002: Thessaloniki,,,,,,,,,,,,,,,,,,,,,,,
  EL003: Patras,,,,,,,,,,,,,,,,,,,,,,,
  EL004: Irakleio,,,,,,,,,,,,,,,,,,,,,,,
  EL005: Larisa,,,,,,,,,,,,,,,,,,,,,,,
  EL006: Volos,,,,,,,,,,,,,,,,,,,,,,,
  EL007: Ioannina,,,,,,,,,,,,,,,,,,,,,,,
  EL008: Kavala,,,,,,,,,,,,,,,,,,,,,,,
  EL009: Kalamata,,,,,,,,,,,,,,,,,,,,,,,
  EL010: Trikala,,,,,,,,,,,,,,,,,,,,,,,
  EL011: Serres,,,,,,,,,,,,,,,,,,,,,,,
  EL012: Katerini,,,,,,,,,,,,,,,,,,,,,,,
  EL013: Xanthi ,,,,,,,,,,,,,,,,,,,,,,,
  EL014: Chania,,,,,,,,,,,,,,,,,,,,,,,
HRV: Croatia,,,,,,,,,,,,,,,,,,,,,,,
  HR001: Zagreb,,,,,,,,,,,,,,,,,,,,,,,
  HR002: Rijeka,,,,,,,,,,,,,,,,,,,,,,,
  HR003: Slavonski Brod,,,,,,,,,,,,,,,,,,,,,,,
  HR004: Osijek,,,,,,,,,,,,,,,,,,,,,,,
  HR005: Split,,,,,,,,,,,,,,,,,,,,,,,
  HR006: Pula,,,,,,,,,,,,,,,,,,,,,,,
  HR007: Zadar,,,,,,,,,,,,,,,,,,,,,,,
HUN: Hungary,,,,,,,,,,,,,,,,,,,,,,,
  HU001: Budapest,,,,,,,,,,,,,,,,,,,,,,,
  HU002: Miskolc,,,,,,,,,,,,,,,,,,,,,,,
  HU003: Nyiregyhaza,,,,,,,,,,,,,,,,,,,,,,,
  HU004: Pecs,,,,,,,,,,,,,,,,,,,,,,,
  HU005: Debrecen,,,,,,,,,,,,,,,,,,,,,,,
  HU006: Szeged,,,,,,,,,,,,,,,,,,,,,,,
  HU007: Gyor,,,,,,,,,,,,,,,,,,,,,,,
  HU008: Kecskemet,,,,,,,,,,,,,,,,,,,,,,,
  HU009: Szekesfehervar,,,,,,,,,,,,,,,,,,,,,,,
  HU010: Szombathely,,,,,,,,,,,,,,,,,,,,,,,
  HU011: Szolnok,,,,,,,,,,,,,,,,,,,,,,,
  HU012: Tatabanya,,,,,,,,,,,,,,,,,,,,,,,
  HU013: Veszprem,,,,,,,,,,,,,,,,,,,,,,,
  HU014: Bekescsaba,,,,,,,,,,,,,,,,,,,,,,,
  HU015: Kaposvar,,,,,,,,,,,,,,,,,,,,,,,
  HU016: Eger,,,,,,,,,,,,,,,,,,,,,,,
  HU017: Dunaujvaros,,,,,,,,,,,,,,,,,,,,,,,
  HU018: Zalaegerszeg,,,,,,,,,,,,,,,,,,,,,,,
  HU019: Sopron,,,,,,,,,,,,,,,,,,,,,,,
IRL: Ireland,,,,,,,,,,,,,,,,,,,,,,,
  IE001: Dublin,,,,,,,,,,,,,,,,,,,,,,,
  IE002: Cork,,,,,,,,,,,,,,,,,,,,,,,
  IE003: Limerick,,,,,,,,,,,,,,,,,,,,,,,
  IE004: Galway,,,,,,,,,,,,,,,,,,,,,,,
  IE005: Waterford,,,,,,,,,,,,,,,,,,,,,,,
ISL: Iceland,,,,,,,,,,,,,,,,,,,,,,,
  IS001: Reykjavik,,,,,,,,,,,,,,,,,,,,,,,
ISR: Israel,,,,,,,,,,,,,,,,,,,,,,,
  ISR01: Nahariyya,,,,,,,,,,,,,,,,,,,,,,,
  ISR05: Haifa,,,,,,,,,,,,,,,,,,,,,,,
  ISR06: Nazareth,,,,,,,,,,,,,,,,,,,,,,,
  ISR07: Umm Al-Fahm,,,,,,,,,,,,,,,,,,,,,,,
  ISR08: Hadera,,,,,,,,,,,,,,,,,,,,,,,
  ISR09: Netanya,,,,,,,,,,,,,,,,,,,,,,,
  ISR10: Tel Aviv - Yafo,,,,,,,,,,,,,,,,,,,,,,,
  ISR15: Ashdod,,,,,,,,,,,,,,,,,,,,,,,
  ISR16: Bet Shemesh,,,,,,,,,,,,,,,,,,,,,,,
  ISR17: Jerusalem,,,,,,,,,,,,,,,,,,,,,,,
  ISR18: Ashqelon,,,,,,,,,,,,,,,,,,,,,,,
  ISR19: Qiryat Gat,,,,,,,,,,,,,,,,,,,,,,,
  ISR21: Be'Er Sheva,,,,,,,,,,,,,,,,,,,,,,,
  ISR22: Elat,,,,,,,,,,,,,,,,,,,,,,,
ITA: Italy,,,,,,,,,,,,,,,,,,,,,,,
  IT001: Rome,,,,,,,,,,,,,,,,,,,,,,,
  IT002: Milan,,,,,,,,,,,,,,,,,,,,,,,
  IT003: Naples,,,,,,,,,,,,,,,,,,,,,,,
  IT004: Turin,,,,,,,,,,,,,,,,,,,,,,,
  IT005: Palermo,,,,,,,,,,,,,,,,,,,,,,,
  IT006: Genoa,,,,,,,,,,,,,,,,,,,,,,,
  IT007: Florence,,,,,,,,,,,,,,,,,,,,,,,
  IT008: Bari,,,,,,,,,,,,,,,,,,,,,,,
  IT009: Bologna,,,,,,,,,,,,,,,,,,,,,,,
  IT010: Catania,,,,,,,,,,,,,,,,,,,,,,,
  IT011: Venice,,,,,,,,,,,,,,,,,,,,,,,
  IT012: Verona,,,,,,,,,,,,,,,,,,,,,,,
  IT013: Cremona,,,,,,,,,,,,,,,,,,,,,,,
  IT014: Trent,,,,,,,,,,,,,,,,,,,,,,,
  IT015: Trieste,,,,,,,,,,,,,,,,,,,,,,,
  IT016: Perugia,,,,,,,,,,,,,,,,,,,,,,,
  IT017: Ancona,,,,,,,,,,,,,,,,,,,,,,,
  IT019: Pescara,,,,,,,,,,,,,,,,,,,,,,,
  IT020: Campobasso,,,,,,,,,,,,,,,,,,,,,,,
  IT021: Caserta,,,,,,,,,,,,,,,,,,,,,,,
  IT022: Taranto,,,,,,,,,,,,,,,,,,,,,,,
  IT023: Potenza,,,,,,,,,,,,,,,,,,,,,,,
  IT024: Catanzaro,,,,,,,,,,,,,,,,,,,,,,,
  IT025: Reggio di Calabria,,,,,,,,,,,,,,,,,,,,,,,
  IT026: Sassari,,,,,,,,,,,,,,,,,,,,,,,
  IT027: Cagliari,,,,,,,,,,,,,,,,,,,,,,,
  IT028: Padua,,,,,,,,,,,,,,,,,,,,,,,
  IT029: Brescia,,,,,,,,,,,,,,,,,,,,,,,
  IT030: Modena,,,,,,,,,,,,,,,,,,,,,,,
  IT031: Foggia,,,,,,,,,,,,,,,,,,,,,,,
  IT032: Salerno,,,,,,,,,,,,,,,,,,,,,,,
  IT033: Piacenza,,,,,,,,,,,,,,,,,,,,,,,
  IT034: Bolzano,,,,,,,,,,,,,,,,,,,,,,,
  IT035: Udine,,,,,,,,,,,,,,,,,,,,,,,
  IT036: La Spezia,,,,,,,,,,,,,,,,,,,,,,,
  IT037: Lecce,,,,,,,,,,,,,,,,,,,,,,,
  IT038: Barletta,,,,,,,,,,,,,,,,,,,,,,,
  IT039: Pesaro,,,,,,,,,,,,,,,,,,,,,,,
  IT040: Como,,,,,,,,,,,,,,,,,,,,,,,
  IT041: Pisa,,,,,,,,,,,,,,,,,,,,,,,
  IT042: Treviso,,,,,,,,,,,,,,,,,,,,,,,
  IT043: Varese,,,,,,,,,,,,,,,,,,,,,,,
  IT045: Asti,,,,,,,,,,,,,,,,,,,,,,,
  IT046: Pavia,,,,,,,,,,,,,,,,,,,,,,,
  IT047: Massa,,,,,,,,,,,,,,,,,,,,,,,
  IT048: Cosenza,,,,,,,,,,,,,,,,,,,,,,,
  IT052: Savona,,,,,,,,,,,,,,,,,,,,,,,
  IT054: Matera,,,,,,,,,,,,,,,,,,,,,,,
  IT056: Acireale,,,,,,,,,,,,,,,,,,,,,,,
  IT057: Avellino,,,,,,,,,,,,,,,,,,,,,,,
  IT058: Pordenone,,,,,,,,,,,,,,,,,,,,,,,
  IT060: Lecco,,,,,,,,,,,,,,,,,,,,,,,
  IT061: Altamura,,,,,,,,,,,,,,,,,,,,,,,
  IT064: Battipaglia,,,,,,,,,,,,,,,,,,,,,,,
  IT065: Bisceglie,,,,,,,,,,,,,,,,,,,,,,,
  IT066: Carpi,,,,,,,,,,,,,,,,,,,,,,,
  IT067: Cerignola,,,,,,,,,,,,,,,,,,,,,,,
  IT069: Gela,,,,,,,,,,,,,,,,,,,,,,,
  IT073: Sassuolo,,,,,,,,,,,,,,,,,,,,,,,
  IT501: Messina,,,,,,,,,,,,,,,,,,,,,,,
  IT502: Prato,,,,,,,,,,,,,,,,,,,,,,,
  IT503: Parma,,,,,,,,,,,,,,,,,,,,,,,
  IT504: Livorno,,,,,,,,,,,,,,,,,,,,,,,
  IT505: Reggio nell'Emilia,,,,,,,,,,,,,,,,,,,,,,,
  IT506: Ravenna,,,,,,,,,,,,,,,,,,,,,,,
  IT507: Ferrara,,,,,,,,,,,,,,,,,,,,,,,
  IT508: Rimini,,,,,,,,,,,,,,,,,,,,,,,
  IT509: Siracusa,,,,,,,,,,,,,,,,,,,,,,,
  IT511: Bergamo,,,,,,,,,,,,,,,,,,,,,,,
  IT512: Forli,,,,,,,,,,,,,,,,,,,,,,,
  IT513: Latina,,,,,,,,,,,,,,,,,,,,,,,
  IT514: Vicenza,,,,,,,,,,,,,,,,,,,,,,,
  IT515: Terni,,,,,,,,,,,,,,,,,,,,,,,
  IT516: Novara,,,,,,,,,,,,,,,,,,,,,,,
  IT518: Alexandria,,,,,,,,,,,,,,,,,,,,,,,
  IT519: Arezzo,,,,,,,,,,,,,,,,,,,,,,,
  IT520: Grosseto,,,,,,,,,,,,,,,,,,,,,,,
  IT521: Toast,,,,,,,,,,,,,,,,,,,,,,,
  IT522: Trapani,,,,,,,,,,,,,,,,,,,,,,,
  IT523: Ragusa,,,,,,,,,,,,,,,,,,,,,,,
  IT524: Andria,,,,,,,,,,,,,,,,,,,,,,,
  IT525: Trani,,,,,,,,,,,,,,,,,,,,,,,
  IT526: L'Aquila,,,,,,,,,,,,,,,,,,,,,,,
JPN: Japan,,,,,,,,,,,,,,,,,,,,,,,
  JPN01: Tokyo,,,,,,,,,,,,,,,,,,,,,,,
  JPN02: Osaka,,,,,,,,,,,,,,,,,,,,,,,
  JPN03: Nagoya,,,,,,,,,,,,,,,,,,,,,,,
  JPN04: Fukuoka,,,,,,,,,,,,,,,,,,,,,,,
  JPN05: Sapporo,,,,,,,,,,,,,,,,,,,,,,,
  JPN06: Sendai,,,,,,,,,,,,,,,,,,,,,,,
  JPN07: Okayama,,,,,,,,,,,,,,,,,,,,,,,
  JPN08: Hiroshima,,,,,,,,,,,,,,,,,,,,,,,
  JPN09: Kitakyushu,,,,,,,,,,,,,,,,,,,,,,,
  JPN10: Naha,,,,,,,,,,,,,,,,,,,,,,,
  JPN11: Kumamoto,,,,,,,,,,,,,,,,,,,,,,,
  JPN12: Yokkaichi,,,,,,,,,,,,,,,,,,,,,,,
  JPN13: Takasaki,,,,,,,,,,,,,,,,,,,,,,,
  JPN14: Hamamatsu,,,,,,,,,,,,,,,,,,,,,,,
  JPN15: Niigata,,,,,,,,,,,,,,,,,,,,,,,
  JPN16: Utsunomiya,,,,,,,,,,,,,,,,,,,,,,,
  JPN17: Kanazawa,,,,,,,,,,,,,,,,,,,,,,,
  JPN18: Oita,,,,,,,,,,,,,,,,,,,,,,,
  JPN19: Kagoshima,,,,,,,,,,,,,,,,,,,,,,,
  JPN20: Himeji,,,,,,,,,,,,,,,,,,,,,,,
  JPN21: Mito,,,,,,,,,,,,,,,,,,,,,,,
  JPN22: Shizuoka,,,,,,,,,,,,,,,,,,,,,,,
  JPN23: Toyohashi,,,,,,,,,,,,,,,,,,,,,,,
  JPN24: Nagasaki,,,,,,,,,,,,,,,,,,,,,,,
  JPN25: Matsuyama,,,,,,,,,,,,,,,,,,,,,,,
  JPN26: Toyama,,,,,,,,,,,,,,,,,,,,,,,
  JPN27: Kofu,,,,,,,,,,,,,,,,,,,,,,,
  JPN28: Takamatsu,,,,,,,,,,,,,,,,,,,,,,,
  JPN29: Nagano,,,,,,,,,,,,,,,,,,,,,,,
  JPN30: Tokushima,,,,,,,,,,,,,,,,,,,,,,,
  JPN31: Numazu,,,,,,,,,,,,,,,,,,,,,,,
  JPN32: Fukui,,,,,,,,,,,,,,,,,,,,,,,
  JPN33: Wakayama,,,,,,,,,,,,,,,,,,,,,,,
  JPN34: Koriyama,,,,,,,,,,,,,,,,,,,,,,,
  JPN35: Kochi,,,,,,,,,,,,,,,,,,,,,,,
  JPN36: Miyazaki,,,,,,,,,,,,,,,,,,,,,,,
  JPN37: Morioka,,,,,,,,,,,,,,,,,,,,,,,
  JPN38: Fujieda,,,,,,,,,,,,,,,,,,,,,,,
  JPN39: Fukushima,,,,,,,,,,,,,,,,,,,,,,,
  JPN40: Matsumoto,,,,,,,,,,,,,,,,,,,,,,,
  JPN41: Yamagata,,,,,,,,,,,,,,,,,,,,,,,
  JPN42: Kurume,,,,,,,,,,,,,,,,,,,,,,,
  JPN43: Akita,,,,,,,,,,,,,,,,,,,,,,,
  JPN44: Asahikawa,,,,,,,,,,,,,,,,,,,,,,,
  JPN45: Kusatsu,,,,,,,,,,,,,,,,,,,,,,,
  JPN46: Fuji,,,,,,,,,,,,,,,,,,,,,,,
  JPN47: Isesaki,,,,,,,,,,,,,,,,,,,,,,,
  JPN48: Hakodate,,,,,,,,,,,,,,,,,,,,,,,
  JPN49: Hachinohe,,,,,,,,,,,,,,,,,,,,,,,
  JPN50: Hitachi,,,,,,,,,,,,,,,,,,,,,,,
  JPN51: Aomori,,,,,,,,,,,,,,,,,,,,,,,
  JPN52: Shimonoseki,,,,,,,,,,,,,,,,,,,,,,,
  JPN53: Obihiro,,,,,,,,,,,,,,,,,,,,,,,
  JPN54: Shunan,,,,,,,,,,,,,,,,,,,,,,,
  JPN55: Ube,,,,,,,,,,,,,,,,,,,,,,,
  JPN56: Yonago,,,,,,,,,,,,,,,,,,,,,,,
  JPN57: Ashikaga,,,,,,,,,,,,,,,,,,,,,,,
  JPN58: Omuta,,,,,,,,,,,,,,,,,,,,,,,
  JPN59: Marugame,,,,,,,,,,,,,,,,,,,,,,,
  JPN60: Kushiro,,,,,,,,,,,,,,,,,,,,,,,
  JPN61: Tomakomai,,,,,,,,,,,,,,,,,,,,,,,
KOR: Korea,,,,,,,,,,,,,,,,,,,,,,,
  KOR01: Seoul,,,,,,,,,,,,,,,,,,,,,,,
  KOR02: Gimhae,,,,,,,,,,,,,,,,,,,,,,,
  KOR03: Dalseong,,,,,,,,,,,,,,,,,,,,,,,
  KOR04: Gwangsan,,,,,,,,,,,,,,,,,,,,,,,
  KOR05: Seo,,,,,,,,,,,,,,,,,,,,,,,
  KOR06: Seongsan,,,,,,,,,,,,,,,,,,,,,,,
  KOR07: Ulsan,,,,,,,,,,,,,,,,,,,,,,,
  KOR08: Heungdeok,,,,,,,,,,,,,,,,,,,,,,,
  KOR09: Deokjin,,,,,,,,,,,,,,,,,,,,,,,
  KOR10: Sebuk,,,,,,,,,,,,,,,,,,,,,,,
  KOR11: Gyeongsan,,,,,,,,,,,,,,,,,,,,,,,
  KOR12: Pohan,,,,,,,,,,,,,,,,,,,,,,,
  KOR13: Gumi,,,,,,,,,,,,,,,,,,,,,,,
  KOR14: Jeju,,,,,,,,,,,,,,,,,,,,,,,
  KOR15: Jinju,,,,,,,,,,,,,,,,,,,,,,,
  KOR16: Wonju,,,,,,,,,,,,,,,,,,,,,,,
  KOR17: Iksan,,,,,,,,,,,,,,,,,,,,,,,
  KOR18: Chuncheon,,,,,,,,,,,,,,,,,,,,,,,
  KOR19: Gunsan,,,,,,,,,,,,,,,,,,,,,,,
  KOR20: Suncheon,,,,,,,,,,,,,,,,,,,,,,,
  KOR21: Gangneung,,,,,,,,,,,,,,,,,,,,,,,
  KOR22: Naju,,,,,,,,,,,,,,,,,,,,,,,
LTU: Lithuania,,,,,,,,,,,,,,,,,,,,,,,
  LT001: Vilnius,,,,,,,,,,,,,,,,,,,,,,,
  LT002: Kaunas,,,,,,,,,,,,,,,,,,,,,,,
  LT003: Panevezys,,,,,,,,,,,,,,,,,,,,,,,
  LT004: Alytus,,,,,,,,,,,,,,,,,,,,,,,
  LT501: Klaipeda,,,,,,,,,,,,,,,,,,,,,,,
  LT502: Siauliai,,,,,,,,,,,,,,,,,,,,,,,
LUX: Luxembourg,,,,,,,,,,,,,,,,,,,,,,,
  LU001: Luxembourg,,,,,,,,,,,,,,,,,,,,,,,
LVA: Latvia,,,,,,,,,,,,,,,,,,,,,,,
  LV001: Riga,,,,,,,,,,,,,,,,,,,,,,,
  LV002: Liepaja,,,,,,,,,,,,,,,,,,,,,,,
  LV003: Jelgava,,,,,,,,,,,,,,,,,,,,,,,
  LV501: Daugavpils,,,,,,,,,,,,,,,,,,,,,,,
MEX: Mexico,,,,,,,,,,,,,,,,,,,,,,,
  MEX01: Mexico City,,,,,,,,,,,,,,,,,,,,,,,
  MEX02: Guadalajara,,,,,,,,,,,,,,,,,,,,,,,
  MEX03: Monterrey,,,,,,,,,,,,,,,,,,,,,,,
  MEX04: Puebla,,,,,,,,,,,,,,,,,,,,,,,
  MEX05: Toluca,,,,,,,,,,,,,,,,,,,,,,,
  MEX06: Tijuana,,,,,,,,,,,,,,,,,,,,,,,
  MEX07: Leon,,,,,,,,,,,,,,,,,,,,,,,
  MEX08: Queretaro,,,,,,,,,,,,,,,,,,,,,,,
  MEX09: Merida,,,,,,,,,,,,,,,,,,,,,,,
  MEX10: Juarez,,,,,,,,,,,,,,,,,,,,,,,
  MEX11: San Luis Potosi,,,,,,,,,,,,,,,,,,,,,,,
  MEX12: Torreon,,,,,,,,,,,,,,,,,,,,,,,
  MEX13: Mexicali,,,,,,,,,,,,,,,,,,,,,,,
  MEX14: Cuernavaca,,,,,,,,,,,,,,,,,,,,,,,
  MEX15: Villahermosa,,,,,,,,,,,,,,,,,,,,,,,
  MEX16: Culiacan,,,,,,,,,,,,,,,,,,,,,,,
  MEX17: Morelia,,,,,,,,,,,,,,,,,,,,,,,
  MEX18: Chihuahua,,,,,,,,,,,,,,,,,,,,,,,
  MEX19: Veracruz,,,,,,,,,,,,,,,,,,,,,,,
  MEX20: Hermosillo,,,,,,,,,,,,,,,,,,,,,,,
  MEX21: Aguascalientes,,,,,,,,,,,,,,,,,,,,,,,
  MEX22: Acapulco de Juarez,,,,,,,,,,,,,,,,,,,,,,,
  MEX23: Tampico,,,,,,,,,,,,,,,,,,,,,,,
  MEX24: Oaxaca de Juarez,,,,,,,,,,,,,,,,,,,,,,,
  MEX25: Reynosa,,,,,,,,,,,,,,,,,,,,,,,
  MEX26: Xalapa,,,,,,,,,,,,,,,,,,,,,,,
  MEX27: Saltillo,,,,,,,,,,,,,,,,,,,,,,,
  MEX28: Benito Juarez,,,,,,,,,,,,,,,,,,,,,,,
  MEX29: Celaya,,,,,,,,,,,,,,,,,,,,,,,
  MEX30: Durango,,,,,,,,,,,,,,,,,,,,,,,
  MEX31: Tuxtla Gutierrez,,,,,,,,,,,,,,,,,,,,,,,
  MEX32: Pachuca de Soto,,,,,,,,,,,,,,,,,,,,,,,
  MEX33: Irapuato,,,,,,,,,,,,,,,,,,,,,,,
  MEX34: Ahome,,,,,,,,,,,,,,,,,,,,,,,
  MEX35: Matamoros,,,,,,,,,,,,,,,,,,,,,,,
  MEX36: Ensenada,,,,,,,,,,,,,,,,,,,,,,,
  MEX37: Poza Rica de Hidalgo,,,,,,,,,,,,,,,,,,,,,,,
  MEX38: Tepic,,,,,,,,,,,,,,,,,,,,,,,
  MEX39: Orizaba,,,,,,,,,,,,,,,,,,,,,,,
  MEX40: Mazatlan,,,,,,,,,,,,,,,,,,,,,,,
  MEX41: Cajeme,,,,,,,,,,,,,,,,,,,,,,,
  MEX42: Nuevo Laredo,,,,,,,,,,,,,,,,,,,,,,,
  MEX43: Guadalupe,,,,,,,,,,,,,,,,,,,,,,,
  MEX44: Coatzacoalcos,,,,,,,,,,,,,,,,,,,,,,,
  MEX45: Tapachula,,,,,,,,,,,,,,,,,,,,,,,
  MEX46: Victoria,,,,,,,,,,,,,,,,,,,,,,,
  MEX47: Tlaxcala,,,,,,,,,,,,,,,,,,,,,,,
  MEX48: Cordoba,,,,,,,,,,,,,,,,,,,,,,,
  MEX49: Uruapan,,,,,,,,,,,,,,,,,,,,,,,
  MEX50: Tehuacan,,,,,,,,,,,,,,,,,,,,,,,
  MEX51: Minatitlan,,,,,,,,,,,,,,,,,,,,,,,
  MEX52: Cuautla,,,,,,,,,,,,,,,,,,,,,,,
  MEX53: Chilpancingo de los Bravo,,,,,,,,,,,,,,,,,,,,,,,
  MEX54: Monclova,,,,,,,,,,,,,,,,,,,,,,,
  MEX55: Los Cabos,,,,,,,,,,,,,,,,,,,,,,,
  MEX56: Colima,,,,,,,,,,,,,,,,,,,,,,,
  MEX57: La Paz,,,,,,,,,,,,,,,,,,,,,,,
  MEX58: Campeche,,,,,,,,,,,,,,,,,,,,,,,
  MEX59: Puerto Vallarta,,,,,,,,,,,,,,,,,,,,,,,
  MEX60: Salamanca,,,,,,,,,,,,,,,,,,,,,,,
  MEX61: San Juan del Rio,,,,,,,,,,,,,,,,,,,,,,,
  MEX62: Zamora,,,,,,,,,,,,,,,,,,,,,,,
  MEX63: Tulancingo de Bravo,,,,,,,,,,,,,,,,,,,,,,,
  MEX64: Carmen,,,,,,,,,,,,,,,,,,,,,,,
  MEX65: Nogales,,,,,,,,,,,,,,,,,,,,,,,
  MEX66: Othon P. Blanco,,,,,,,,,,,,,,,,,,,,,,,
  MEX67: Fresnillo,,,,,,,,,,,,,,,,,,,,,,,
  MEX68: San Cristobal de las Casas,,,,,,,,,,,,,,,,,,,,,,,
  MEX69: Solidaridad,,,,,,,,,,,,,,,,,,,,,,,
  MEX70: Apizaco,,,,,,,,,,,,,,,,,,,,,,,
  MEX71: San Luis Rio Colorado,,,,,,,,,,,,,,,,,,,,,,,
  MEX72: San Francisco del Rincon,,,,,,,,,,,,,,,,,,,,,,,
  MEX73: San Martin Texmelucan,,,,,,,,,,,,,,,,,,,,,,,
  MEX74: Lazaro Cardenas,,,,,,,,,,,,,,,,,,,,,,,
  MEX75: Ciudad Valles,,,,,,,,,,,,,,,,,,,,,,,
  MEX76: Tianguistenco,,,,,,,,,,,,,,,,,,,,,,,
  MEX77: Cuauhtemoc,,,,,,,,,,,,,,,,,,,,,,,
  MEX78: Navojoa,,,,,,,,,,,,,,,,,,,,,,,
  MEX79: Zitacuaro,,,,,,,,,,,,,,,,,,,,,,,
  MEX80: Lagos de Moreno,,,,,,,,,,,,,,,,,,,,,,,
  MEX81: Piedras Negras,,,,,,,,,,,,,,,,,,,,,,,
  MEX82: Comitan de Dominguez,,,,,,,,,,,,,,,,,,,,,,,
  MEX83: Delicias,,,,,,,,,,,,,,,,,,,,,,,
  MEX84: Tuxpan,,,,,,,,,,,,,,,,,,,,,,,
  MEX85: Iguala de la Independencia,,,,,,,,,,,,,,,,,,,,,,,
  MEX86: Acuna,,,,,,,,,,,,,,,,,,,,,,,
  MEX87: Uriangato,,,,,,,,,,,,,,,,,,,,,,,
  MEX88: Teziutlan,,,,,,,,,,,,,,,,,,,,,,,
  MEX89: Apatzingan,,,,,,,,,,,,,,,,,,,,,,,
  MEX90: Zapotlan el Grande,,,,,,,,,,,,,,,,,,,,,,,
  MEX91: Hidalgo del Parral,,,,,,,,,,,,,,,,,,,,,,,
  MEX92: Chiautla,,,,,,,,,,,,,,,,,,,,,,,
MLT: Malta,,,,,,,,,,,,,,,,,,,,,,,
  MT001: Malta,,,,,,,,,,,,,,,,,,,,,,,
NLD: Netherlands,,,,,,,,,,,,,,,,,,,,,,,
  NL001: The Hague,,,,,,,,,,,,,,,,,,,,,,,
  NL002: Amsterdam,,,,,,,,,,,,,,,,,,,,,,,
  NL003: Rotterdam,,,,,,,,,,,,,,,,,,,,,,,
  NL004: Utrecht,,,,,,,,,,,,,,,,,,,,,,,
  NL005: Eindhoven,,,,,,,,,,,,,,,,,,,,,,,
  NL006: Tilburg,,,,,,,,,,,,,,,,,,,,,,,
  NL007: Groningen,,,,,,,,,,,,,,,,,,,,,,,
  NL008: Enschede,,,,,,,,,,,,,,,,,,,,,,,
  NL009: Arnhem,,,,,,,,,,,,,,,,,,,,,,,
  NL010: Heerlen,,,,,,,,,,,,,,,,,,,,,,,
  NL012: Breda,,,,,,,,,,,,,,,,,,,,,,,
  NL013: Nijmegen,,,,,,,,,,,,,,,,,,,,,,,
  NL014: Apeldoorn,,,,,,,,,,,,,,,,,,,,,,,
  NL015: Leeuwarden,,,,,,,,,,,,,,,,,,,,,,,
  NL016: Sittard-Geleen,,,,,,,,,,,,,,,,,,,,,,,
  NL020: Roosendaal,,,,,,,,,,,,,,,,,,,,,,,
  NL026: Alphen aan den Rijn,,,,,,,,,,,,,,,,,,,,,,,
  NL028: Bergen op Zoom,,,,,,,,,,,,,,,,,,,,,,,
  NL030: Gouda,,,,,,,,,,,,,,,,,,,,,,,
  NL032: Middelburg,,,,,,,,,,,,,,,,,,,,,,,
  NL503: s-Hertogenbosch,,,,,,,,,,,,,,,,,,,,,,,
  NL504: Amersfoort,,,,,,,,,,,,,,,,,,,,,,,
  NL505: Maastricht,,,,,,,,,,,,,,,,,,,,,,,
  NL507: Leiden,,,,,,,,,,,,,,,,,,,,,,,
  NL511: Zwolle,,,,,,,,,,,,,,,,,,,,,,,
  NL512: Ede,,,,,,,,,,,,,,,,,,,,,,,
  NL513: Deventer,,,,,,,,,,,,,,,,,,,,,,,
  NL514: Alkmaar,,,,,,,,,,,,,,,,,,,,,,,
  NL515: Venlo,,,,,,,,,,,,,,,,,,,,,,,
  NL519: Almelo,,,,,,,,,,,,,,,,,,,,,,,
  NL520: Lelystad,,,,,,,,,,,,,,,,,,,,,,,
  NL521: Oss,,,,,,,,,,,,,,,,,,,,,,,
  NL522: Assen,,,,,,,,,,,,,,,,,,,,,,,
  NL524: Veenendaal,,,,,,,,,,,,,,,,,,,,,,,
  NL529: Greater SoestÂ Â Â ,,,,,,,,,,,,,,,,,,,,,,,
NOR: Norway,,,,,,,,,,,,,,,,,,,,,,,
  NO001: Oslo,,,,,,,,,,,,,,,,,,,,,,,
  NO002: Bergen,,,,,,,,,,,,,,,,,,,,,,,
  NO003: Trondheim,,,,,,,,,,,,,,,,,,,,,,,
  NO004: Stavanger,,,,,,,,,,,,,,,,,,,,,,,
  NO005: Kristiansand,,,,,,,,,,,,,,,,,,,,,,,
  NO006: Tromso,,,,,,,,,,,,,,,,,,,,,,,
NZL: New Zealand,,,,,,,,,,,,,,,,,,,,,,,
  NZL01: Auckland,,,,,,,,,,,,,,,,,,,,,,,
  NZL02: Christchurch,,,,,,,,,,,,,,,,,,,,,,,
  NZL03: Wellington,,,,,,,,,,,,,,,,,,,,,,,
  NZL04: Hamilton,,,,,,,,,,,,,,,,,,,,,,,
  NZL05: Tauranga,,,,,,,,,,,,,,,,,,,,,,,
  NZL06: Dunedin,,,,,,,,,,,,,,,,,,,,,,,
  NZL07: Palmerston North,,,,,,,,,,,,,,,,,,,,,,,
  NZL08: New Plymouth,,,,,,,,,,,,,,,,,,,,,,,
  NZL09: Nelson,,,,,,,,,,,,,,,,,,,,,,,
  NZL10: Whangarei,,,,,,,,,,,,,,,,,,,,,,,
  NZL11: Hastings,,,,,,,,,,,,,,,,,,,,,,,
  NZL12: Rotorua,,,,,,,,,,,,,,,,,,,,,,,
  NZL13: Napier,,,,,,,,,,,,,,,,,,,,,,,
  NZL14: Invercargill,,,,,,,,,,,,,,,,,,,,,,,
POL: Poland,,,,,,,,,,,,,,,,,,,,,,,
  PL001: Warsaw,,,,,,,,,,,,,,,,,,,,,,,
  PL002: Lodz,,,,,,,,,,,,,,,,,,,,,,,
  PL003: Cracow,,,,,,,,,,,,,,,,,,,,,,,
  PL004: Wroclaw,,,,,,,,,,,,,,,,,,,,,,,
  PL005: Poznan,,,,,,,,,,,,,,,,,,,,,,,
  PL006: Gdansk,,,,,,,,,,,,,,,,,,,,,,,
  PL007: Szczecin,,,,,,,,,,,,,,,,,,,,,,,
  PL008: Bydgoszcz,,,,,,,,,,,,,,,,,,,,,,,
  PL009: Lublin,,,,,,,,,,,,,,,,,,,,,,,
  PL010: Katowice,,,,,,,,,,,,,,,,,,,,,,,
  PL011: Bialystok,,,,,,,,,,,,,,,,,,,,,,,
  PL012: Kielce,,,,,,,,,,,,,,,,,,,,,,,
  PL013: Torun,,,,,,,,,,,,,,,,,,,,,,,
  PL014: Olsztyn,,,,,,,,,,,,,,,,,,,,,,,
  PL015: Rzeszow,,,,,,,,,,,,,,,,,,,,,,,
  PL016: Opole,,,,,,,,,,,,,,,,,,,,,,,
  PL017: Gorzow Wielkopolski,,,,,,,,,,,,,,,,,,,,,,,
  PL018: Zielona Gora,,,,,,,,,,,,,,,,,,,,,,,
  PL019: Jelenia Gora,,,,,,,,,,,,,,,,,,,,,,,
  PL020: Nowy Sacz,,,,,,,,,,,,,,,,,,,,,,,
  PL021: Suwalki,,,,,,,,,,,,,,,,,,,,,,,
  PL022: Konin,,,,,,,,,,,,,,,,,,,,,,,
  PL024: Czestochowa,,,,,,,,,,,,,,,,,,,,,,,
  PL025: Radom,,,,,,,,,,,,,,,,,,,,,,,
  PL026: Plock,,,,,,,,,,,,,,,,,,,,,,,
  PL027: Kalisz,,,,,,,,,,,,,,,,,,,,,,,
  PL028: Koszalin,,,,,,,,,,,,,,,,,,,,,,,
  PL029: Slupsk,,,,,,,,,,,,,,,,,,,,,,,
  PL030: Jastrzebie Zdroj,,,,,,,,,,,,,,,,,,,,,,,
  PL031: Siedlce,,,,,,,,,,,,,,,,,,,,,,,
  PL032: Piotrkow Trybunalski,,,,,,,,,,,,,,,,,,,,,,,
  PL033: Lubin,,,,,,,,,,,,,,,,,,,,,,,
  PL034: Pila,,,,,,,,,,,,,,,,,,,,,,,
  PL035: Inowroclaw,,,,,,,,,,,,,,,,,,,,,,,
  PL036: Ostrowiec Swietokrzyski,,,,,,,,,,,,,,,,,,,,,,,
  PL037: Gniezno,,,,,,,,,,,,,,,,,,,,,,,
  PL038: Stargard Szczecinski,,,,,,,,,,,,,,,,,,,,,,,
  PL039: Ostrow Wielkopolski,,,,,,,,,,,,,,,,,,,,,,,
  PL040: Przemysl,,,,,,,,,,,,,,,,,,,,,,,
  PL041: Zamosc,,,,,,,,,,,,,,,,,,,,,,,
  PL042: Chelm,,,,,,,,,,,,,,,,,,,,,,,
  PL043: Pabianice,,,,,,,,,,,,,,,,,,,,,,,
  PL044: Glogow,,,,,,,,,,,,,,,,,,,,,,,
  PL045: Stalowa Wola,,,,,,,,,,,,,,,,,,,,,,,
  PL046: Tomaszow Mazowiecki,,,,,,,,,,,,,,,,,,,,,,,
  PL047: Lomza,,,,,,,,,,,,,,,,,,,,,,,
  PL048: Leszno,,,,,,,,,,,,,,,,,,,,,,,
  PL049: Swidnica,,,,,,,,,,,,,,,,,,,,,,,
  PL051: Tczew,,,,,,,,,,,,,,,,,,,,,,,
  PL052: Elk,,,,,,,,,,,,,,,,,,,,,,,
  PL506: Bielsko-Biala,,,,,,,,,,,,,,,,,,,,,,,
  PL508: Rybnik,,,,,,,,,,,,,,,,,,,,,,,
  PL511: Walbrzych,,,,,,,,,,,,,,,,,,,,,,,
  PL512: Elblag,,,,,,,,,,,,,,,,,,,,,,,
  PL513: Wloclawek,,,,,,,,,,,,,,,,,,,,,,,
  PL514: Tarnow,,,,,,,,,,,,,,,,,,,,,,,
  PL516: Legnica,,,,,,,,,,,,,,,,,,,,,,,
  PL517: Grudziadz,,,,,,,,,,,,,,,,,,,,,,,
PRT: Portugal,,,,,,,,,,,,,,,,,,,,,,,
  PT001: Lisbon,,,,,,,,,,,,,,,,,,,,,,,
  PT002: Porto,,,,,,,,,,,,,,,,,,,,,,,
  PT003: Braga,,,,,,,,,,,,,,,,,,,,,,,
  PT004: Funchal,,,,,,,,,,,,,,,,,,,,,,,
  PT005: Coimbra,,,,,,,,,,,,,,,,,,,,,,,
  PT007: Ponta Delgada,,,,,,,,,,,,,,,,,,,,,,,
  PT008: Aveiro,,,,,,,,,,,,,,,,,,,,,,,
  PT009: Faro,,,,,,,,,,,,,,,,,,,,,,,
  PT014: Viseu,,,,,,,,,,,,,,,,,,,,,,,
  PT016: Viana do Castelo,,,,,,,,,,,,,,,,,,,,,,,
  PT019: Povoa de Varzim,,,,,,,,,,,,,,,,,,,,,,,
  PT505: Guimaraes,,,,,,,,,,,,,,,,,,,,,,,
ROU: Romania,,,,,,,,,,,,,,,,,,,,,,,
  RO001: Copaceni,,,,,,,,,,,,,,,,,,,,,,,
  RO002: Floresti,,,,,,,,,,,,,,,,,,,,,,,
  RO003: Giroc,,,,,,,,,,,,,,,,,,,,,,,
  RO004: Simnicu De Sus,,,,,,,,,,,,,,,,,,,,,,,
  RO005: Chiscani,,,,,,,,,,,,,,,,,,,,,,,
  RO006: Sintandrei,,,,,,,,,,,,,,,,,,,,,,,
  RO007: Margineni,,,,,,,,,,,,,,,,,,,,,,,
  RO008: Vladimirescu,,,,,,,,,,,,,,,,,,,,,,,
  RO009: Oras Cisnadie,,,,,,,,,,,,,,,,,,,,,,,
  RO010: Sintana De Mures,,,,,,,,,,,,,,,,,,,,,,,
  RO011: Savinesti,,,,,,,,,,,,,,,,,,,,,,,
  RO012: Modelu,,,,,,,,,,,,,,,,,,,,,,,
  RO013: Slobozia,,,,,,,,,,,,,,,,,,,,,,,
  RO014: Municipiul Sebes,,,,,,,,,,,,,,,,,,,,,,,
  RO015: Rastoaca,,,,,,,,,,,,,,,,,,,,,,,
  RO016: Dragutesti,,,,,,,,,,,,,,,,,,,,,,,
  RO017: Somova,,,,,,,,,,,,,,,,,,,,,,,
  RO018: Ulmi,,,,,,,,,,,,,,,,,,,,,,,
  RO019: Slatioara,,,,,,,,,,,,,,,,,,,,,,,
  RO020: Zorleni,,,,,,,,,,,,,,,,,,,,,,,
  RO021: Sabaoani,,,,,,,,,,,,,,,,,,,,,,,
  RO022: Sieu-Magherus,,,,,,,,,,,,,,,,,,,,,,,
  RO501: Valu Lui Traian,,,,,,,,,,,,,,,,,,,,,,,
  RO502: Schitu Duca,,,,,,,,,,,,,,,,,,,,,,,
  RO503: Tulucesti,,,,,,,,,,,,,,,,,,,,,,,
  RO504: Sinpetru,,,,,,,,,,,,,,,,,,,,,,,
  RO505: Tirgsoru Vechi,,,,,,,,,,,,,,,,,,,,,,,
  RO506: Oras Stefanesti,,,,,,,,,,,,,,,,,,,,,,,
  RO507: Oras Baia Sprie,,,,,,,,,,,,,,,,,,,,,,,
  RO508: Vernesti,,,,,,,,,,,,,,,,,,,,,,,
  RO509: Viile Satu Mare,,,,,,,,,,,,,,,,,,,,,,,
  RO510: Mihai Eminescu,,,,,,,,,,,,,,,,,,,,,,,
  RO511: Vladesti,,,,,,,,,,,,,,,,,,,,,,,
  RO512: Scheia,,,,,,,,,,,,,,,,,,,,,,,
  RO513: Izvoru Birzii,,,,,,,,,,,,,,,,,,,,,,,
SVK: Slovak Republic,,,,,,,,,,,,,,,,,,,,,,,
  SK001: Bratislava,,,,,,,,,,,,,,,,,,,,,,,
  SK002: Kosice,,,,,,,,,,,,,,,,,,,,,,,
  SK003: Banska Bystrica,,,,,,,,,,,,,,,,,,,,,,,
  SK004: Nitra,,,,,,,,,,,,,,,,,,,,,,,
  SK005: Presov,,,,,,,,,,,,,,,,,,,,,,,
  SK006: Zilina,,,,,,,,,,,,,,,,,,,,,,,
  SK007: Trnava,,,,,,,,,,,,,,,,,,,,,,,
  SK008: Trencin,,,,,,,,,,,,,,,,,,,,,,,
SVN: Slovenia,,,,,,,,,,,,,,,,,,,,,,,
  SI001: Ljubljana,,,,,,,,,,,,,,,,,,,,,,,
  SI002: Maribor,,,,,,,,,,,,,,,,,,,,,,,
SWE: Sweden,,,,,,,,,,,,,,,,,,,,,,,
  SE001: Stockholm,,,,,,,,,,,,,,,,,,,,,,,
  SE002: Gothenburg,,,,,,,,,,,,,,,,,,,,,,,
  SE003: Malmo,,,,,,,,,,,,,,,,,,,,,,,
  SE004: Jonkoping,,,,,,,,,,,,,,,,,,,,,,,
  SE005: Umea,,,,,,,,,,,,,,,,,,,,,,,
  SE006: Uppsala,,,,,,,,,,,,,,,,,,,,,,,
  SE007: Linkoping,,,,,,,,,,,,,,,,,,,,,,,
  SE008: Orebro,,,,,,,,,,,,,,,,,,,,,,,
  SE501: Vasteras,,,,,,,,,,,,,,,,,,,,,,,
  SE502: Norrkoping,,,,,,,,,,,,,,,,,,,,,,,
  SE503: Helsingborg,,,,,,,,,,,,,,,,,,,,,,,
  SE505: Boras,,,,,,,,,,,,,,,,,,,,,,,
TUR: TÃ¼rkiye,,,,,,,,,,,,,,,,,,,,,,,
  TR001: Ankara,,,,,,,,,,,,,,,,,,,,,,,
  TR002: Adana,,,,,,,,,,,,,,,,,,,,,,,
  TR003: Antalya,,,,,,,,,,,,,,,,,,,,,,,
  TR004: Balikesir,,,,,,,,,,,,,,,,,,,,,,,
  TR005: Bursa,,,,,,,,,,,,,,,,,,,,,,,
  TR006: Denizli,,,,,,,,,,,,,,,,,,,,,,,
  TR007: Diyarbakir,,,,,,,,,,,,,,,,,,,,,,,
  TR008: Edirne,,,,,,,,,,,,,,,,,,,,,,,
  TR009: Erzurum,,,,,,,,,,,,,,,,,,,,,,,
  TR010: Gaziantep,,,,,,,,,,,,,,,,,,,,,,,
  TR011: Hatay,,,,,,,,,,,,,,,,,,,,,,,
  TR012: Istanbul,,,,,,,,,,,,,,,,,,,,,,,
  TR013: Izmir,,,,,,,,,,,,,,,,,,,,,,,
  TR014: Kars,,,,,,,,,,,,,,,,,,,,,,,
  TR015: Kastamonu,,,,,,,,,,,,,,,,,,,,,,,
  TR016: Kayseri,,,,,,,,,,,,,,,,,,,,,,,
  TR017: Kocaeli,,,,,,,,,,,,,,,,,,,,,,,
  TR018: Konya,,,,,,,,,,,,,,,,,,,,,,,
  TR019: Malatya,,,,,,,,,,,,,,,,,,,,,,,
  TR020: Manisa,,,,,,,,,,,,,,,,,,,,,,,
  TR021: Nevsehir,,,,,,,,,,,,,,,,,,,,,,,
  TR022: Samsun,,,,,,,,,,,,,,,,,,,,,,,
  TR023: Siirt,,,,,,,,,,,,,,,,,,,,,,,
  TR024: Trabzon,,,,,,,,,,,,,,,,,,,,,,,
  TR025: Van,,,,,,,,,,,,,,,,,,,,,,,
  TR026: Zonguldak,,,,,,,,,,,,,,,,,,,,,,,
USA: United States,,,,,,,,,,,,,,,,,,,,,,,
  USA01: New York (Greater),,,,,,,,,,,,,,,,,,,,,,,
  USA02: Los Angeles (Greater),,,,,,,,,,,,,,,,,,,,,,,
  USA03: Chicago,,,,,,,,,,,,,,,,,,,,,,,
  USA04: Washington (Greater),,,,,,,,,,,,,,,,,,,,,,,
  USA05: San Francisco (Greater),,,,,,,,,,,,,,,,,,,,,,,
  USA06: Philadelphia (Greater),,,,,,,,,,,,,,,,,,,,,,,
  USA07: Dallas,,,,,,,,,,,,,,,,,,,,,,,
  USA08: Houston,,,,,,,,,,,,,,,,,,,,,,,
  USA09: Miami (Greater),,,,,,,,,,,,,,,,,,,,,,,
  USA10: Atlanta,,,,,,,,,,,,,,,,,,,,,,,
  USA11: Boston,,,,,,,,,,,,,,,,,,,,,,,
  USA12: Phoenix,,,,,,,,,,,,,,,,,,,,,,,
  USA13: Detroit (Greater),,,,,,,,,,,,,,,,,,,,,,,
  USA14: Seattle,,,,,,,,,,,,,,,,,,,,,,,
  USA15: Minneapolis,,,,,,,,,,,,,,,,,,,,,,,
  USA16: San Diego,,,,,,,,,,,,,,,,,,,,,,,
  USA17: St. Louis,,,,,,,,,,,,,,,,,,,,,,,
  USA18: Denver,,,,,,,,,,,,,,,,,,,,,,,
  USA19: San Antonio,,,,,,,,,,,,,,,,,,,,,,,
  USA20: Portland,,,,,,,,,,,,,,,,,,,,,,,
  USA21: Cincinnati,,,,,,,,,,,,,,,,,,,,,,,
  USA22: Las Vegas,,,,,,,,,,,,,,,,,,,,,,,
  USA23: Orange,,,,,,,,,,,,,,,,,,,,,,,
  USA24: Jackson (MO),,,,,,,,,,,,,,,,,,,,,,,
  USA25: Indianapolis,,,,,,,,,,,,,,,,,,,,,,,
  USA26: Cuyahoga,,,,,,,,,,,,,,,,,,,,,,,
  USA27: New Haven,,,,,,,,,,,,,,,,,,,,,,,
  USA28: Charlotte,,,,,,,,,,,,,,,,,,,,,,,
  USA29: Sacramento,,,,,,,,,,,,,,,,,,,,,,,
  USA30: Austin,,,,,,,,,,,,,,,,,,,,,,,
  USA31: Columbus,,,,,,,,,,,,,,,,,,,,,,,
  USA32: Milwaukee,,,,,,,,,,,,,,,,,,,,,,,
  USA33: Jacksonville,,,,,,,,,,,,,,,,,,,,,,,
  USA34: Salt Lake,,,,,,,,,,,,,,,,,,,,,,,
  USA35: Tampa-Pinellas,,,,,,,,,,,,,,,,,,,,,,,
  USA36: Jefferson (KY),,,,,,,,,,,,,,,,,,,,,,,
  USA37: Memphis,,,,,,,,,,,,,,,,,,,,,,,
  USA38: Davidson,,,,,,,,,,,,,,,,,,,,,,,
  USA39: Oklahoma,,,,,,,,,,,,,,,,,,,,,,,
  USA40: Hartford,,,,,,,,,,,,,,,,,,,,,,,
  USA41: Pittsburgh,,,,,,,,,,,,,,,,,,,,,,,
  USA42: New Orleans,,,,,,,,,,,,,,,,,,,,,,,
  USA43: Virginia Beach,,,,,,,,,,,,,,,,,,,,,,,
  USA44: Erie (NY),,,,,,,,,,,,,,,,,,,,,,,
  USA45: Fresno (Greater),,,,,,,,,,,,,,,,,,,,,,,
  USA46: Richmond (Greater),,,,,,,,,,,,,,,,,,,,,,,
  USA47: Wake,,,,,,,,,,,,,,,,,,,,,,,
  USA48: Jefferson (AL),,,,,,,,,,,,,,,,,,,,,,,
  USA49: Tampa-Hillsborough,,,,,,,,,,,,,,,,,,,,,,,
  USA50: Pima,,,,,,,,,,,,,,,,,,,,,,,
  USA51: Tulsa,,,,,,,,,,,,,,,,,,,,,,,
  USA52: Albany,,,,,,,,,,,,,,,,,,,,,,,
  USA53: Providence,,,,,,,,,,,,,,,,,,,,,,,
  USA54: Albuquerque,,,,,,,,,,,,,,,,,,,,,,,
  USA55: Douglas (NE),,,,,,,,,,,,,,,,,,,,,,,
  USA56: Rochester (NY),,,,,,,,,,,,,,,,,,,,,,,
  USA57: Kern,,,,,,,,,,,,,,,,,,,,,,,
  USA58: Ventura,,,,,,,,,,,,,,,,,,,,,,,
  USA59: El Paso (TX),,,,,,,,,,,,,,,,,,,,,,,
  USA60: East Baton Rouge,,,,,,,,,,,,,,,,,,,,,,,
  USA61: Worcester,,,,,,,,,,,,,,,,,,,,,,,
  USA62: Hidalgo,,,,,,,,,,,,,,,,,,,,,,,
  USA63: Richland,,,,,,,,,,,,,,,,,,,,,,,
  USA64: Lehigh,,,,,,,,,,,,,,,,,,,,,,,
  USA65: Sarasota,,,,,,,,,,,,,,,,,,,,,,,
  USA66: Montgomery (OH),,,,,,,,,,,,,,,,,,,,,,,
  USA67: San Joaquin,,,,,,,,,,,,,,,,,,,,,,,
  USA68: Kent,,,,,,,,,,,,,,,,,,,,,,,
  USA69: Charleston,,,,,,,,,,,,,,,,,,,,,,,
  USA70: Onondaga,,,,,,,,,,,,,,,,,,,,,,,
  USA71: El Paso (CO),,,,,,,,,,,,,,,,,,,,,,,
  USA72: Ada,,,,,,,,,,,,,,,,,,,,,,,
  USA73: Hampden,,,,,,,,,,,,,,,,,,,,,,,
  USA74: Lee,,,,,,,,,,,,,,,,,,,,,,,
  USA75: Sedgwick,,,,,,,,,,,,,,,,,,,,,,,
  USA76: Polk,,,,,,,,,,,,,,,,,,,,,,,
  USA77: Dauphin,,,,,,,,,,,,,,,,,,,,,,,
  USA78: Lucas,,,,,,,,,,,,,,,,,,,,,,,
  USA79: Pulaski,,,,,,,,,,,,,,,,,,,,,,,
  USA80: Dane,,,,,,,,,,,,,,,,,,,,,,,
  USA81: Brevard,,,,,,,,,,,,,,,,,,,,,,,
  USA82: Summit,,,,,,,,,,,,,,,,,,,,,,,
  USA83: Hamilton (TN),,,,,,,,,,,,,,,,,,,,,,,
  USA84: Utah,,,,,,,,,,,,,,,,,,,,,,,
  USA85: Lancaster (PA),,,,,,,,,,,,,,,,,,,,,,,
  USA86: Stanislaus,,,,,,,,,,,,,,,,,,,,,,,
  USA87: Greene,,,,,,,,,,,,,,,,,,,,,,,
  USA88: Fayette,,,,,,,,,,,,,,,,,,,,,,,
  USA89: Spokane,,,,,,,,,,,,,,,,,,,,,,,
  USA90: Volusia-Daytona Beach,,,,,,,,,,,,,,,,,,,,,,,
  USA91: Guilford,,,,,,,,,,,,,,,,,,,,,,,
  USA92: Sonoma,,,,,,,,,,,,,,,,,,,,,,,
  USA93: Forsyth,,,,,,,,,,,,,,,,,,,,,,,
  USA94: Washoe,,,,,,,,,,,,,,,,,,,,,,,
  USA95: Ingham,,,,,,,,,,,,,,,,,,,,,,,
  USA96: Montgomery (AL),,,,,,,,,,,,,,,,,,,,,,,
  USA97: Knox,,,,,,,,,,,,,,,,,,,,,,,
  USA98: Greenville,,,,,,,,,,,,,,,,,,,,,,,
  USA99: Mahoning,,,,,,,,,,,,,,,,,,,,,,,
  USA100: Escambia,,,,,,,,,,,,,,,,,,,,,,,
  USA101: Caddo,,,,,,,,,,,,,,,,,,,,,,,
  USA102: Tulare,,,,,,,,,,,,,,,,,,,,,,,
  USA103: Newport News,,,,,,,,,,,,,,,,,,,,,,,
  USA104: York,,,,,,,,,,,,,,,,,,,,,,,
  USA105: Genesee,,,,,,,,,,,,,,,,,,,,,,,
  USA106: Jefferson (TX),,,,,,,,,,,,,,,,,,,,,,,
  USA107: Santa Barbara,,,,,,,,,,,,,,,,,,,,,,,
  USA108: Lafayette,,,,,,,,,,,,,,,,,,,,,,,
  USA109: Monterey,,,,,,,,,,,,,,,,,,,,,,,
  USA110: Mobile,,,,,,,,,,,,,,,,,,,,,,,
  USA111: Berks,,,,,,,,,,,,,,,,,,,,,,,
  USA112: Cameron,,,,,,,,,,,,,,,,,,,,,,,
  USA113: Bell,,,,,,,,,,,,,,,,,,,,,,,
  USA114: Nueces,,,,,,,,,,,,,,,,,,,,,,,
  USA115: Marion (OR),,,,,,,,,,,,,,,,,,,,,,,
  USA116: Allen,,,,,,,,,,,,,,,,,,,,,,,
  USA117: Scott,,,,,,,,,,,,,,,,,,,,,,,
  USA118: Stark,,,,,,,,,,,,,,,,,,,,,,,
  USA119: Tallahassee,,,,,,,,,,,,,,,,,,,,,,,
  USA120: Cumberland (NC),,,,,,,,,,,,,,,,,,,,,,,
  USA121: Lane,,,,,,,,,,,,,,,,,,,,,,,
  USA122: Winnebago (IL),,,,,,,,,,,,,,,,,,,,,,,
  USA123: Chatham,,,,,,,,,,,,,,,,,,,,,,,
  USA124: Vanderburgh,,,,,,,,,,,,,,,,,,,,,,,
  USA125: Washtenaw,,,,,,,,,,,,,,,,,,,,,,,
  USA126: Lubbock,,,,,,,,,,,,,,,,,,,,,,,
  USA127: Madison,,,,,,,,,,,,,,,,,,,,,,,
  USA128: Marion (FL),,,,,,,,,,,,,,,,,,,,,,,
  USA129: Peoria,,,,,,,,,,,,,,,,,,,,,,,
  USA130: Collier,,,,,,,,,,,,,,,,,,,,,,,
  USA131: Luzerne,,,,,,,,,,,,,,,,,,,,,,,
  USA132: Lancaster (NE),,,,,,,,,,,,,,,,,,,,,,,
  USA133: Thurston,,,,,,,,,,,,,,,,,,,,,,,
  USA134: Sebastian,,,,,,,,,,,,,,,,,,,,,,,
  USA135: Roanoke,,,,,,,,,,,,,,,,,,,,,,,
  USA136: Muscogee,,,,,,,,,,,,,,,,,,,,,,,
  USA137: Brown,,,,,,,,,,,,,,,,,,,,,,,
  USA138: Alachua,,,,,,,,,,,,,,,,,,,,,,,
  USA139: Larimer,,,,,,,,,,,,,,,,,,,,,,,
  USA140: Boulder,,,,,,,,,,,,,,,,,,,,,,,
  USA141: Potter,,,,,,,,,,,,,,,,,,,,,,,
  USA142: Cumberland (ME),,,,,,,,,,,,,,,,,,,,,,,
  USA143: Erie (PA),,,,,,,,,,,,,,,,,,,,,,,
  USA144: St. Lucie,,,,,,,,,,,,,,,,,,,,,,,
  USA145: Nashville,,,,,,,,,,,,,,,,,,,,,,,
  USA146: Atlantic City,,,,,,,,,,,,,,,,,,,,,,,
  USA147: McLennan,,,,,,,,,,,,,,,,,,,,,,,
  USA148: Durham,,,,,,,,,,,,,,,,,,,,,,,
  USA149: Lackawanna,,,,,,,,,,,,,,,,,,,,,,,
  USA150: St. Joseph,,,,,,,,,,,,,,,,,,,,,,,
  USA151: Santa Cruz,,,,,,,,,,,,,,,,,,,,,,,
  USA152: Webb,,,,,,,,,,,,,,,,,,,,,,,
  USA153: Minnehaha,,,,,,,,,,,,,,,,,,,,,,,
  USA154: Merced,,,,,,,,,,,,,,,,,,,,,,,
  USA155: Benton (WA),,,,,,,,,,,,,,,,,,,,,,,
  USA156: Weld,,,,,,,,,,,,,,,,,,,,,,,
  USA157: Kalamazoo,,,,,,,,,,,,,,,,,,,,,,,
  USA158: Butte,,,,,,,,,,,,,,,,,,,,,,,
  USA159: Sangamon,,,,,,,,,,,,,,,,,,,,,,,
  USA160: Yakima,,,,,,,,,,,,,,,,,,,,,,,
  USA161: Brazos,,,,,,,,,,,,,,,,,,,,,,,
  USA162: Tuscaloosa,,,,,,,,,,,,,,,,,,,,,,,
  USA163: Champaign,,,,,,,,,,,,,,,,,,,,,,,
  USA164: Linn,,,,,,,,,,,,,,,,,,,,,,,
  USA165: Lafayette (IN),,,,,,,,,,,,,,,,,,,,,,,
  USA166: Shawnee,,,,,,,,,,,,,,,,,,,,,,,
  USA167: Weber,,,,,,,,,,,,,,,,,,,,,,,
  USA168: Outagamie,,,,,,,,,,,,,,,,,,,,,,,
  USA169: Cass,,,,,,,,,,,,,,,,,,,,,,,
  USA170: Benton (AR),,,,,,,,,,,,,,,,,,,,,,,
  USA171: Las Cruces,,,,,,,,,,,,,,,,,,,,,,,
  USA172: Rochester (MN),,,,,,,,,,,,,,,,,,,,,,,
  USA173: Jackson (OR),,,,,,,,,,,,,,,,,,,,,,,
  USA174: New Hanover,,,,,,,,,,,,,,,,,,,,,,,
  USA175: Whatcom,,,,,,,,,,,,,,,,,,,,,,,
  USA176: Broome,,,,,,,,,,,,,,,,,,,,,,,
  USA177: Saginaw,,,,,,,,,,,,,,,,,,,,,,,
  USA178: Yuma,,,,,,,,,,,,,,,,,,,,,,,
  USA179: Racine,,,,,,,,,,,,,,,,,,,,,,,
  USA180: Punta Gorda,,,,,,,,,,,,,,,,,,,,,,,
  USA181: Benton (MN),,,,,,,,,,,,,,,,,,,,,,,
  USA182: Harrison,,,,,,,,,,,,,,,,,,,,,,,
  USA183: McLean,,,,,,,,,,,,,,,,,,,,,,,
  USA184: Woodbury,,,,,,,,,,,,,,,,,,,,,,,
  USA185: Tampa-Hernando,,,,,,,,,,,,,,,,,,,,,,,
  USA186: Muskegon,,,,,,,,,,,,,,,,,,,,,,,
  USA187: Johnson,,,,,,,,,,,,,,,,,,,,,,,
  USA188: Taylor,,,,,,,,,,,,,,,,,,,,,,,
  USA189: Pitt,,,,,,,,,,,,,,,,,,,,,,,
  USA190: Winnebago (WI),,,,,,,,,,,,,,,,,,,,,,,
  USA191: Sutter,,,,,,,,,,,,,,,,,,,,,,,
  USA192: Rock,,,,,,,,,,,,,,,,,,,,,,,
  USA193: Pueblo,,,,,,,,,,,,,,,,,,,,,,,
  USA194: Centre,,,,,,,,,,,,,,,,,,,,,,,
  USA195: Yellowstone,,,,,,,,,,,,,,,,,,,,,,,
  USA196: Wichita,,,,,,,,,,,,,,,,,,,,,,,
  USA197: Washington (MD),,,,,,,,,,,,,,,,,,,,,,,
  USA198: Mesa,,,,,,,,,,,,,,,,,,,,,,,
  USA199: Midland,,,,,,,,,,,,,,,,,,,,,,,
  USA200: Ector,,,,,,,,,,,,,,,,,,,,,,,
  USA201: Comanche,,,,,,,,,,,,,,,,,,,,,,,
  USA202: Indian River,,,,,,,,,,,,,,,,,,,,,,,
  USA203: Monroe (IN),,,,,,,,,,,,,,,,,,,,,,,
  USA204: Napa,,,,,,,,,,,,,,,,,,,,,,,
  USA205: Delaware,,,,,,,,,,,,,,,,,,,,,,,
  USA206: Kankakee,,,,,,,,,,,,,,,,,,,,,,,
  USA207: Terrebonne,,,,,,,,,,,,,,,,,,,,,,,
  USA208: Douglas (KS),,,,,,,,,,,,,,,,,,,,,,,
  USA209: Flagler-Daytona Beach,,,,,,,,,,,,,,,,,,,,,,,
  USA210: Sumter,,,,,,,,,,,,,,,,,,,,,,,
  USA211: Maverick,,,,,,,,,,,,,,,,,,,,,,,
Data extracted on 07 Feb 2024 07:04 UTC (GMT) from OECD.Stat,,,,,,,,,,,,,,,,,,,,,,,
